1;1;hp__q1334a.xml
1;5;hp__q2462a.xml
1;11;hp__c7770b.xml
1;21;hp__c7791d.xml
1;23;hp__q6455a.xml
1;26;samsung__scx-5315f.xml
1;44;epson__c11c211061.xml
1;51;xerox__m20vb.xml
1;52;xerox__m20vi.xml
1;63;canon__7870a003.xml
1;66;hp__q5912a.xml
1;67;hp__q2461a.xml
1;68;hp__q2460a.xml
1;69;hp__q2669a.xml
1;70;hp__q2665a.xml
1;71;hp__q2666a.xml
1;72;hp__q5913a.xml
1;73;hp__q5914a.xml
1;74;hp__q5911a.xml
1;89;canon__7157a003.xml
1;90;canon__7158a003.xml
1;92;epson__c11c589021.xml
1;93;epson__c11c550021.xml
1;102;hp__q5933a.xml
1;103;hp__c7044a.xml
1;104;hp__c7048a.xml
1;105;hp__q1335a.xml
1;108;hp__q5930a.xml
1;110;hp__c7791c.xml
1;111;hp__c7791e.xml
1;112;hp__c7790d.xml
1;113;hp__c7790e.xml
1;114;hp__c7790f.xml
1;115;hp__q6656a.xml
1;116;hp__q6656b.xml
1;117;hp__q6656c.xml
1;118;hp__cb373a.xml
1;119;hp__q3704a.xml
1;120;hp__q3703a.xml
1;121;hp__q3948a.xml
1;122;hp__q3950a.xml
1;123;hp__q7533a.xml
1;124;hp__q7534a.xml
1;125;hp__q7535a.xml
1;126;hp__q7536a.xml
1;127;hp__q5986a.xml
1;128;hp__q5987a.xml
1;129;hp__q5988a.xml
1;134;epson__c11c593011bc.xml
1;137;hp__q1342a.xml
1;139;hp__c7045a.xml
1;140;xerox__m118vdp.xml
1;142;hp__q3702a.xml
1;144;xerox__6100v_dn.xml
1;156;samsung__ml-2151n.xml
1;157;samsung__ml-2150.xml
1;167;brother__dcp-8040.xml
1;172;brother__hl-5140.xml
1;173;brother__hl-5130.xml
1;174;brother__hl-5150d.xml
1;175;brother__hl-5170dn.xml
1;176;brother__mfc-8440.xml
1;177;brother__mfc-8840d.xml
1;178;brother__mfc-8840dn.xml
1;184;canon__9989a007.xml
1;203;hp__c6487c.xml
1;205;hp__q5956a.xml
1;206;hp__q5957a.xml
1;207;hp__q5958a.xml
1;208;hp__q5959a.xml
1;209;hp__q5961a.xml
1;210;hp__q5960a.xml
1;211;hp__q5962a.xml
1;219;epson__c11c538001bz.xml
1;221;oki__01145102.xml
1;246;hp__c4170a.xml
1;249;brother__mfc-9180.xml
1;252;hp__c9656a.xml
1;253;hp__q3715a.xml
1;254;hp__c9658a.xml
1;255;hp__q3713a.xml
1;256;hp__c9657a.xml
1;257;hp__q3714a.xml
1;258;hp__q3716a.xml
1;259;hp__q3717a.xml
1;260;hp__c9659a.xml
1;263;xerox__100n02527.xml
1;264;xerox__6100v_bd.xml
1;269;hp__c9037a.xml
1;285;epson__c11c494011ba.xml
1;291;hp__c9126a.xml
1;292;samsung__scx-4100.xml
1;299;hp__q5990a.xml
1;300;hp__q5991a.xml
1;301;hp__q1336a.xml
1;305;hp__q6500a.xml
1;306;hp__q6501a.xml
1;307;hp__c4171a.xml
1;317;hp__c9148a.xml
1;319;hp__c8051a.xml
1;320;hp__c8052a.xml
1;342;epson__c11c485001bg.xml
1;348;hp__q6504a.xml
1;350;hp__q7822a.xml
1;352;hp__q7823a.xml
1;353;hp__q5400a.xml
1;355;hp__q5401a.xml
1;356;hp__q5402a.xml
1;357;hp__q5407a.xml
1;358;hp__q5403a.xml
1;359;hp__q5404a.xml
1;360;hp__q5406a.xml
1;361;hp__q5408a.xml
1;362;hp__q5409a.xml
1;363;hp__q5410a.xml
1;367;xerox__3450v_d.xml
1;368;xerox__3450v_dn.xml
1;371;samsung__ml-1710p.xml
1;379;samsung__sf-560.xml
1;380;samsung__sf-565p.xml
1;395;oki__01145002.xml
1;397;oki__01110902.xml
1;398;oki__01145302.xml
1;399;oki__01145202.xml
1;400;oki__01145402.xml
1;401;oki__01145502.xml
1;436;epson__c11c538001bv.xml
1;437;epson__c11c569031bz.xml
1;438;epson__c11c569001bx.xml
1;439;hp__q1662a.xml
1;440;hp__q5894a.xml
1;442;samsung__scx-6220.xml
1;451;hp__c9705a.xml
1;452;hp__c9706a.xml
1;453;hp__c9707a.xml
1;454;hp__q2488a.xml
1;455;hp__q2489a.xml
1;469;brother__hl-2040r.xml
1;480;hp__c8173a.xml
1;499;hp__c8963c.xml
1;500;hp__q5570c.xml
1;501;hp__q5801c.xml
1;502;hp__c9031c.xml
1;503;hp__c8165c.xml
1;504;hp__c8166c.xml
1;505;hp__c8150a.xml
1;506;hp__c8151a.xml
1;507;hp__c8153a.xml
1;508;hp__c9016c.xml
1;509;hp__c9034c.xml
1;549;hp__q2425a.xml
1;550;hp__q2426a.xml
1;551;hp__q2427a.xml
1;552;hp__q2428a.xml
1;603;epson__c11c586013cr.xml
1;606;epson__c11c626033.xml
1;608;epson__c11c582044.xml
1;615;hp__c9660a.xml
1;616;hp__c9692a.xml
1;617;hp__c9661a.xml
1;618;hp__c9662a.xml
1;619;hp__c9663a.xml
1;620;hp__q3668a.xml
1;621;hp__q3669a.xml
1;622;hp__q3670a.xml
1;623;hp__q3671a.xml
1;624;hp__q3672a.xml
1;629;hp__q2431a.xml
1;630;hp__q2432a.xml
1;631;hp__q2434a.xml
1;632;hp__q2433a.xml
1;633;hp__q7491a.xml
1;634;hp__q7492a.xml
1;635;hp__q7493a.xml
1;636;hp__q7494a.xml
1;640;hp__q7821a.xml
1;641;epson__c11c594011bc.xml
1;642;epson__c11c595011bc.xml
1;645;epson__c11c499001.xml
1;647;epson__c11c655041.xml
1;654;epson__c11c387081.xml
1;663;epson__c11c574021.xml
1;670;hp__c7769f.xml
1;671;hp__c7770f.xml
1;672;hp__c7769g.xml
1;673;hp__c7770g.xml
1;676;xerox__4118vx.xml
1;677;xerox__4118vp.xml
1;692;xerox__6300v_n.xml
1;693;xerox__6300v_dn.xml
1;694;xerox__6350v_dp.xml
1;695;xerox__6350v_dt.xml
1;696;xerox__6350v_dx.xml
1;698;xerox__100s12468.xml
1;699;xerox__100s12471.xml
1;700;xerox__100s12472.xml
1;701;hp__cb366a.xml
1;703;hp__cb368a.xml
1;704;hp__cb369a.xml
1;705;hp__cb449a.xml
1;706;hp__cb450a.xml
1;708;hp__cb532a.xml
1;709;hp__cb533a.xml
1;710;hp__q7812a.xml
1;711;hp__q7813a.xml
1;712;hp__q7815a.xml
1;713;hp__q7814a.xml
1;714;hp__q7816a.xml
1;715;hp__cb416a.xml
1;716;hp__cb417a.xml
1;717;hp__cb414a.xml
1;718;hp__cb415a.xml
1;720;hp__cb376a.xml
1;721;hp__cc372a.xml
1;722;hp__cb534a.xml
1;723;hp__cb537a.xml
1;724;hp__cc459a.xml
1;725;hp__cb412a.xml
1;726;hp__cb413a.xml
1;728;hp__c9017c.xml
1;729;hp__c8970c.xml
1;730;epson__c11c480019.xml
1;731;epson__c11ca13041.xml
1;755;hp__cb426a.xml
1;756;hp__cb428a.xml
1;757;hp__cb427a.xml
1;758;hp__cb425a.xml
1;759;hp__q3942a.xml
1;760;hp__q3943a.xml
1;761;hp__q3945a.xml
1;762;hp__q3944a.xml
1;767;hp__c4266a.xml
1;769;brother__fax-2920r.xml
1;779;samsung__scx-4520.xml
1;780;samsung__scx-4720f.xml
1;781;samsung__scx-4720fn.xml
1;798;hp__cc430a.xml
1;799;hp__cc431a.xml
1;800;hp__cc376a.xml
1;801;hp__cc377a.xml
1;803;hp__cc436a.xml
1;804;hp__cc435a.xml
1;806;hp__cb494a.xml
1;807;hp__cb495a.xml
1;809;hp__cb632a.xml
1;810;hp__c9093a.xml
1;811;hp__c9062a.xml
1;812;hp__c9050a.xml
1;813;hp__q8110c.xml
1;814;hp__q7543a.xml
1;815;hp__q7546a.xml
1;816;hp__q7547a.xml
1;817;hp__q7545a.xml
1;818;hp__cb410a.xml
1;819;hp__cb411a.xml
1;820;hp__ce461a.xml
1;821;hp__ce459a.xml
1;822;hp__ce457a.xml
1;823;hp__cb506a.xml
1;824;hp__cb507a.xml
1;825;hp__cb512a.xml
1;826;hp__cb509a.xml
1;827;hp__cb526a.xml
1;828;hp__cb511a.xml
1;829;hp__cb514a.xml
1;830;hp__cb515a.xml
1;831;hp__cb516a.xml
1;844;samsung__ml-1640.xml
1;845;samsung__ml-1641.xml
1;846;samsung__ml-2240.xml
1;848;samsung__ml-2851nd.xml
1;849;samsung__ml-3471nd.xml
1;850;samsung__ml-4050n.xml
1;851;samsung__ml-4550.xml
1;852;samsung__ml-4551nd.xml
1;853;epson__c11ca38011bz.xml
1;854;epson__c11ca38011bw.xml
1;855;epson__c11ca38011bx.xml
1;856;epson__c11ca38011bv.xml
1;857;epson__c11ca07011.xml
1;858;epson__c11ca07051.xml
1;859;epson__c11ca07051by.xml
1;860;epson__c11ca07011by.xml
1;861;epson__c11ca10001bz.xml
1;862;epson__c11ca10001bx.xml
1;863;epson__c11ca10001bw.xml
1;864;epson__c11ca10001by.xml
1;865;epson__c11ca38011by.xml
1;866;epson__c11c533011bz.xml
1;867;epson__c11c534011bz.xml
1;868;epson__c11c533011br.xml
1;869;epson__c11c533011bp.xml
1;870;epson__c11c649001.xml
1;871;epson__c11c649001by.xml
1;872;epson__c11c649001bw.xml
1;873;epson__c11c649001bv.xml
1;874;epson__c11c649001bx.xml
1;875;epson__c11c554001bz.xml
1;876;epson__c11c554001bv.xml
1;898;canon__0460b002.xml
1;899;canon__2580b001.xml
1;900;canon__0463b002.xml
1;901;canon__0464b002.xml
1;902;canon__0482b001.xml
1;903;canon__0484b001.xml
1;907;canon__2113b002.xml
1;908;canon__2118b002.xml
1;909;canon__2114b002.xml
1;910;canon__2115b002.xml
1;911;canon__2117b002.xml
1;912;canon__2117b010.xml
1;915;canon__1412b009.xml
1;918;canon__1371b003.xml
1;921;canon__0564b019.xml
1;928;canon__2911b009.xml
1;929;canon__2917b009.xml
1;930;canon__2919b007.xml
1;933;canon__2922b007.xml
1;934;canon__2182b007.xml
1;942;canon__1483b025.xml
1;943;canon__1483b044.xml
1;946;canon__2711b047.xml
1;949;canon__2711b087.xml
1;950;canon__2711b096.xml
1;952;canon__2163b003.xml
1;953;canon__2157b003.xml
1;954;canon__3174b003.xml
1;955;canon__3034b003.xml
1;956;canon__2159b003.xml
1;957;canon__1016b003.xml
1;958;canon__2990b003.xml
1;959;canon__2160b003.xml
1;961;canon__2983b003.xml
1;962;canon__3432b007.xml
1;963;canon__1255b005.xml
1;964;canon__2982b003.xml
1;965;canon__3116b002.xml
1;966;canon__2162b003.xml
1;967;canon__2164b003.xml
1;968;canon__2483b001.xml
1;969;epson__c11c679001a0.xml
1;970;epson__c11ca01001a0.xml
1;971;epson__c11ca11001a0.xml
1;972;epson__c11c699011a0.xml
1;973;epson__c11c699001a0.xml
1;974;epson__c11c700001a0.xml
1;975;epson__c11ca12001a0.xml
1;976;epson__c11c700011a0.xml
1;977;epson__c11c635021a1.xml
1;978;epson__c11ca00011a0.xml
1;979;epson__c11ca00001a0.xml
1;980;epson__c11ca09001bz.xml
1;981;epson__c11c648001bz.xml
1;982;epson__c11c600001by.xml
1;983;epson__c11ca15011bz.xml
1;984;epson__c11c457011bw.xml
1;991;epson__c11ca47321.xml
1;993;epson__c11ca44321.xml
1;996;epson__c11ca30321.xml
1;997;epson__c11ca29321.xml
1;1000;epson__c11ca46321.xml
1;1012;xerox__6130v_wn.xml
1;1015;xerox__8560_awn.xml
1;1016;xerox__8860_awdn.xml
1;1017;xerox__7400v_dnz.xml
1;1029;hp__q1251a.xml
1;1030;hp__q6675a.xml
1;1031;hp__q6675b.xml
1;1033;hp__q6718a.xml
1;1034;hp__q6720a.xml
1;1035;hp__q6719a.xml
1;1036;hp__q6721a.xml
1;1037;hp__q6651a.xml
1;1038;hp__q6653a.xml
1;1039;hp__q6652a.xml
1;1040;hp__q6654a.xml
1;1041;hp__ck837a.xml
1;1042;hp__ck838a.xml
1;1043;hp__ck839a.xml
1;1044;hp__ck840a.xml
1;1045;hp__ck841a.xml
1;1046;hp__cm719a.xml
1;1047;hp__q6711a.xml
1;1048;hp__q6712a.xml
1;1049;hp__q1253a.xml
1;1050;hp__q1252a.xml
1;1051;hp__cm767a.xml
1;1052;hp__cm768a.xml
1;1053;hp__cm765a.xml
1;1054;hp__cm766a.xml
1;1055;hp__q1271a.xml
1;1056;hp__q1272a.xml
1;1057;hp__ch336a.xml
1;1058;hp__ch337a.xml
1;1059;hp__cj996a.xml
1;1060;hp__cj997a.xml
1;1061;hp__c7796d.xml
1;1062;hp__c7796e.xml
1;1067;hp__c6096a.xml
1;1082;xerox__100s12455.xml
1;1083;xerox__100s12456.xml
1;1092;canon__3747b009.xml
1;1093;canon__3745b009.xml
1;1094;canon__3744b009.xml
1;1095;canon__3746b009.xml
1;1096;canon__3748b009.xml
1;1097;canon__3749b009.xml
1;1098;canon__3301b008.xml
1;1099;lexmark__23s0110.xml
1;1101;lexmark__33s0112.xml
1;1102;lexmark__33s0312.xml
1;1103;lexmark__33s0412.xml
1;1104;lexmark__33s0512.xml
1;1109;lexmark__34s0192.xml
1;1110;lexmark__34s0112.xml
1;1111;lexmark__34s0312.xml
1;1112;lexmark__34s0412.xml
1;1113;lexmark__34s0712.xml
1;1114;lexmark__30g0129.xml
1;1115;lexmark__30g0139.xml
1;1116;lexmark__30g0102.xml
1;1117;lexmark__30g0202.xml
1;1118;lexmark__30g0239.xml
1;1119;lexmark__30g0212.xml
1;1120;lexmark__30g0302.xml
1;1121;lexmark__30g0339.xml
1;1122;lexmark__30g0312.xml
1;1134;lexmark__52g0016.xml
1;1135;lexmark__52g0044.xml
1;1144;lexmark__15r0224.xml
1;1145;lexmark__15r0131.xml
1;1146;lexmark__15r0079.xml
1;1147;lexmark__22g0504.xml
1;1149;lexmark__22g0503.xml
1;1150;lexmark__22g0615.xml
1;1151;lexmark__21j0159.xml
1;1152;lexmark__20d0172.xml
1;1153;lexmark__20d0171.xml
1;1154;lexmark__15r0745.xml
1;1155;lexmark__15r0730.xml
1;1156;lexmark__16m1258.xml
1;1162;lexmark__16m1664.xml
1;1166;lexmark__13c1238.xml
1;1167;lexmark__13c1154.xml
1;1169;lexmark__13c1129.xml
1;1198;lexmark__34a0061.xml
1;1199;lexmark__34a0161.xml
1;1200;lexmark__34a0211.xml
1;1201;lexmark__34b0061.xml
1;1202;lexmark__34b0161.xml
1;1203;lexmark__34c0161.xml
1;1206;lexmark__21z0169.xml
1;1214;lexmark__21z0271.xml
1;1215;lexmark__26c0030.xml
1;1216;lexmark__26c0130.xml
1;1217;lexmark__26c0080.xml
1;1218;lexmark__26b0030.xml
1;1219;lexmark__26a0030.xml
1;1220;lexmark__25c0361.xml
1;1221;lexmark__25a0461.xml
1;1222;lexmark__25a0460.xml
1;1223;lexmark__25a0462.xml
1;1224;lexmark__25c0362.xml
1;1225;lexmark__25c0360.xml
1;1226;lexmark__25c0363.xml
1;1253;hp__q3939a.xml
1;1254;hp__ce665a.xml
1;1255;hp__ce664a.xml
1;1256;hp__cb482a.xml
1;1257;hp__cb483a.xml
1;1258;hp__cb504a.xml
1;1259;hp__cb503a.xml
1;1260;hp__cc471a.xml
1;1261;hp__cc470a.xml
1;1262;hp__cb444a.xml
1;1263;hp__cb443a.xml
1;1264;hp__cb441a.xml
1;1265;hp__cb442a.xml
1;1266;hp__cc563a.xml
1;1267;hp__q6510a.xml
1;1268;hp__q3723a.xml
1;1269;hp__q3722a.xml
1;1270;hp__q3721a.xml
1;1271;hp__q7699a.xml
1;1272;hp__q7698a.xml
1;1273;hp__q7697a.xml
1;1274;hp__c8521a.xml
1;1275;hp__c8520a.xml
1;1276;hp__c8519a.xml
1;1277;hp__cb536a.xml
1;1286;hp__c9277a.xml
1;1287;hp__c8185a.xml
1;1288;hp__c9282a.xml
1;1289;hp__c8184a.xml
1;1290;hp__c8158a.xml
1;1291;hp__c8157a.xml
1;1292;hp__cb039a.xml
1;1293;hp__cb038a.xml
1;1294;hp__q5571c.xml
1;1295;hp__q5560c.xml
1;1299;hp__c8373a.xml
1;1300;hp__q8091a.xml
1;1301;hp__cb071a.xml
1;1303;hp__q5611a.xml
1;1305;hp__cb780a.xml
1;1306;hp__c9299a.xml
1;1307;hp__q1638a.xml
1;1309;hp__cb041c.xml
1;1310;hp__q7311a.xml
1;1311;hp__q8232c.xml
1;1312;hp__cb029c.xml
1;1313;hp__q8061c.xml
1;1314;hp__q3087a.xml
1;1316;hp__c8658a.xml
1;1317;hp__q3068a.xml
1;1318;hp__c8648a.xml
1;1323;hp__q3501a.xml
1;1324;hp__q5765a.xml
1;1325;hp__c8426a.xml
1;1327;hp__cb026a.xml
1;1328;hp__cb027a.xml
1;1329;hp__q8134a.xml
1;1330;hp__c8100a.xml
1;1345;hp__c8147a.xml
1;1346;hp__c8146a.xml
1;1354;hp__c6430f.xml
1;1358;hp__c8949a.xml
1;1359;hp__c8947a.xml
1;1365;hp__c9045c.xml
1;1369;hp__c8969c.xml
1;1374;hp__c9079a.xml
1;1375;hp__cb611a.xml
1;1376;hp__cb671c.xml
1;1377;hp__ch366c.xml
1;1379;hp__cb641c.xml
1;1380;hp__cb700c.xml
1;1382;hp__cb596a.xml
1;1384;hp__cb730c.xml
1;1385;hp__cb584a.xml
1;1387;hp__cb656c.xml
1;1389;epson__c11c565011by.xml
1;1390;epson__c11c600001bv.xml
1;1392;epson__c11c585001bz.xml
1;1393;epson__c11c585031bz.xml
1;1395;epson__c11c567041bw.xml
1;1398;epson__c11c680012.xml
1;1400;epson__c11c588081bz.xml
1;1401;epson__c11c588001bz.xml
1;1402;samsung__scx-6122fn.xml
1;1403;samsung__scx-6320f.xml
1;1405;samsung__scx-4828fn.xml
1;1406;samsung__scx-4824fn.xml
1;1407;samsung__scx-4725fn.xml
1;1408;samsung__scx-4623fn.xml
1;1409;samsung__scx-4623f.xml
1;1410;samsung__scx-4521f.xml
1;1411;samsung__scx-4500w.xml
1;1412;samsung__scx-4500.xml
1;1413;samsung__scx-4321.xml
1;1414;samsung__scx-4300.xml
1;1415;samsung__scx-4216f.xml
1;1417;samsung__scx-4200.xml
1;1418;samsung__scx-4016.xml
1;1419;samsung__clx-3175fn.xml
1;1420;samsung__clx-3175n.xml
1;1421;samsung__clx-3175.xml
1;1422;samsung__clx-3170fn.xml
1;1423;samsung__clx-2160n.xml
1;1424;samsung__clx-2160.xml
1;1425;samsung__clp-600n.xml
1;1426;samsung__clp-510n.xml
1;1427;samsung__clp-510.xml
1;1428;samsung__clp-350n.xml
1;1429;samsung__clp-315.xml
1;1430;samsung__clp-310.xml
1;1431;samsung__clp-300n.xml
1;1432;samsung__clp-500n.xml
1;1433;samsung__clp-300.xml
1;1434;samsung__clp-500.xml
1;1479;hp__ce528a.xml
1;1480;hp__ce529a.xml
1;1481;hp__ce525a.xml
1;1482;hp__ce526a.xml
1;1483;hp__ce663a.xml
1;1487;hp__ce749a.xml
1;1488;hp__ce538a.xml
1;1507;hp__cc469a.xml
1;1510;canon__2584b001aa.xml
1;1519;hp__q1273a.xml
1;1520;hp__q1274a.xml
1;1521;hp__q1251v.xml
1;1522;hp__q1253v.xml
1;1523;hp__q1252v.xml
1;1524;hp__q1254v.xml
1;1525;hp__q1254a.xml
1;1535;hp__c8546a.xml
1;1536;hp__ce651a.xml
1;1537;hp__ce657a.xml
1;1538;hp__ce462a.xml
1;1539;hp__ce456a.xml
1;1540;hp__ce913a.xml
1;1541;hp__ce918a.xml
1;1542;hp__ce874a.xml
1;1543;hp__ce875a.xml
1;1544;hp__cb493a.xml
1;1545;hp__cc493a.xml
1;1546;hp__cc494a.xml
1;1547;hp__cc495a.xml
1;1548;hp__ce710a.xml
1;1549;hp__ce711a.xml
1;1550;hp__ce712a.xml
1;1551;hp__ce707a.xml
1;1552;hp__ce708a.xml
1;1553;hp__ce709a.xml
1;1554;hp__q3931a.xml
1;1555;hp__q3932a.xml
1;1556;hp__q3934a.xml
1;1558;hp__q1277a.xml
1;1560;hp__q3938a.xml
1;1561;hp__c8547a.xml
1;1567;hp__q7824a.xml
1;1568;hp__q7825a.xml
1;1569;hp__cm770a.xml
1;1571;hp__q1276a.xml
1;1572;hp__q7840a.xml
1;1573;hp__q7829a.xml
1;1574;hp__q7830a.xml
1;1575;hp__q7831a.xml
1;1577;canon__4286b002.xml
1;1578;canon__4286b003.xml
1;1579;canon__3550b005.xml
1;1580;canon__3549b001.xml
1;1583;hp__cf286a.xml
1;1584;hp__cf288a.xml
1;1585;hp__cf270a.xml
1;1586;hp__cf274a.xml
1;1587;hp__cf278a.xml
1;1588;hp__cf399a.xml
1;1589;hp__cf285a.xml
1;1591;hp__ce862a.xml
1;1592;hp__ce861a.xml
1;1594;hp__cc395a.xml
1;1595;hp__c8523a.xml
1;1596;hp__cc394a.xml
1;1597;hp__ce800a.xml
1;1598;hp__q2622a.xml
1;1599;hp__q3728a.xml
1;1600;hp__c8549a.xml
1;1601;hp__q6466a.xml
1;1602;hp__a8p79a.xml
1;1603;hp__a8p80a.xml
1;1604;hp__cf117a.xml
1;1605;hp__cf116a.xml
1;1606;hp__cf118a.xml
1;1607;hp__ce995a.xml
1;1608;hp__ce994a.xml
1;1609;hp__ce996a.xml
1;1610;hp__ce993a.xml
1;1611;hp__ce991a.xml
1;1612;hp__ce992a.xml
1;1613;hp__ce990a.xml
1;1614;hp__ce989a.xml
1;1615;hp__q2447a.xml
1;1616;hp__q3994a.xml
1;1618;hp__cc490a.xml
1;1619;hp__cc489a.xml
1;1631;xerox__5745v_a.xml
1;1632;xerox__5740v_a.xml
1;1633;xerox__5755v_a.xml
1;1634;xerox__5735v_pn.xml
1;1635;xerox__5765v_a.xml
1;1636;xerox__5775v_a.xml
1;1637;xerox__5790v_a.xml
1;1638;xerox__5845v_f.xml
1;1639;xerox__5855v_f.xml
1;1646;xerox__5865v_f.xml
1;1647;xerox__5875v_f.xml
1;1648;xerox__5890v_f.xml
1;1649;hp__cb510a.xml
1;1689;hp__c5f93a.xml
1;1690;hp__c5f92a.xml
1;1691;hp__g3v21a.xml
1;1692;hp__c5f95a.xml
1;1693;hp__f6w16a.xml
1;1694;hp__f6w17a.xml
1;1695;hp__f6w15a.xml
1;1696;hp__ce652a.xml
1;1697;hp__ce847a.xml
1;1698;hp__ce841a.xml
1;1699;hp__ce842a.xml
1;1700;hp__ce844a.xml
1;1701;hp__j8h60a.xml
1;1702;hp__j8h61a.xml
1;1703;hp__f2a70a.xml
1;1704;hp__f2a69a.xml
1;1705;hp__f2a76a.xml
1;1706;hp__f2a77a.xml
1;1707;hp__f2a81a.xml
1;1708;hp__cf236a.xml
1;1710;hp__cf238a.xml
1;1711;hp__cf066a.xml
1;1712;hp__cf067a.xml
1;1713;hp__cf068a.xml
1;1714;hp__cf069a.xml
1;1717;hp__e6b68a.xml
1;1718;hp__e6b67a.xml
1;1719;hp__e6b69a.xml
1;1720;hp__e6b70a.xml
1;1721;hp__e6b71a.xml
1;1722;hp__e6b72a.xml
1;1723;hp__e6b73a.xml
1;1724;hp__b3g84a.xml
1;1725;hp__b3g85a.xml
1;1726;hp__b3g86a.xml
1;1727;hp__cf486a.xml
1;1728;hp__cf485a.xml
1;1729;hp__cf456a.xml
1;1730;hp__cf455a.xml
1;1731;hp__cf484a.xml
1;1734;hp__cz181a.xml
1;1735;hp__cz183a.xml
1;1736;hp__cz187a.xml
1;1737;hp__cz178a.xml
1;1738;hp__cz177a.xml
1;1739;hp__cz176a.xml
1;1740;hp__cz172a.xml
1;1741;hp__cz173a.xml
1;1744;hp__ce502a.xml
1;1745;hp__ce738a.xml
1;1746;hp__ce503a.xml
1;1747;hp__ce504a.xml
1;1750;lexmark__24t7404.xml
1;1751;lexmark__24t7320.xml
1;1752;lexmark__24t7406.xml
1;1811;xerox__7120v_t.xml
1;1829;lexmark__41g0070.xml
1;1831;lexmark__41g0020.xml
1;1832;lexmark__41h0020.xml
1;1833;lexmark__41h0070.xml
1;1925;hp__cd645a.xml
1;1926;hp__cd646a.xml
1;1927;hp__cd644a.xml
1;1928;hp__cf082a.xml
1;1929;hp__cf083a.xml
1;1930;hp__cf081a.xml
1;1931;hp__cz271a.xml
1;1932;hp__cz272a.xml
1;1933;hp__cc519a.xml
1;1934;hp__cc520a.xml
1;1935;hp__b5l24a.xml
1;1936;hp__b5l25a.xml
1;1937;hp__b5l26a.xml
1;1938;hp__b5l23a.xml
1;1939;hp__b5l46a.xml
1;1940;hp__b5l47a.xml
1;1941;hp__b5l54a.xml
1;1942;hp__cf367a.xml
1;1943;hp__cz244a.xml
1;1944;hp__cz245a.xml
1;1945;hp__cb481a.xml
1;1946;hp__cb480a.xml
1;1947;hp__cf144a.xml
1;1948;hp__cf145a.xml
1;2002;hp__cf389a.xml
1;2003;hp__cf388a.xml
1;2004;hp__m5h23a.xml
1;2005;hp__cf378a.xml
1;2006;hp__cf377a.xml
1;2007;hp__cf379a.xml
1;2008;hp__g3q46a.xml
1;2009;hp__g3q47a.xml
1;2010;hp__g3q75a.xml
1;2011;hp__g3q74a.xml
1;2022;canon__8966b003.xml
1;2023;canon__8967b003.xml
1;2024;canon__8964b003.xml
1;2025;canon__8970b003.xml
1;2026;canon__9854b003.xml
1;2027;canon__9856b003.xml
1;2028;canon__3433b003.xml
1;2029;canon__6470b003.xml
1;2030;canon__6471b003.xml
1;2060;kyocera__1102sg3nl0.xml
1;2077;hp__cf386a.xml
1;2078;hp__cf387a.xml
1;2079;hp__cf385a.xml
1;2080;hp__b3q10a.xml
1;2081;hp__b3q11a.xml
1;2082;hp__b4a22a.xml
1;2083;hp__b4a21a.xml
1;2084;hp__m6d61a.xml
1;2095;hp__ce863a.xml
1;2096;hp__ce864a.xml
1;2097;hp__ce903a.xml
1;2098;hp__ce955a.xml
1;2099;hp__ce957a.xml
1;2100;hp__ce958a.xml
1;2101;hp__ce956a.xml
1;2135;hp__c7779c.xml
1;2136;hp__c7780c.xml
1;2137;hp__c7780b.xml
1;2138;hp__a3e42a.xml
1;2139;hp__k0q21a.xml
1;2140;hp__k0q22a.xml
1;2141;hp__k0q18a.xml
1;2142;hp__k0q19a.xml
1;2143;hp__k0q17a.xml
1;2144;hp__k0q14a.xml
1;2145;hp__k0q15a.xml
1;2196;hp__cr648a.xml
1;2197;hp__cr650a.xml
1;2198;hp__cr649a.xml
1;2199;hp__cr647a.xml
1;2200;hp__cf547a.xml
1;2201;hp__cz165ar.xml
1;2217;hp__cq891a.xml
1;2218;hp__cq890a.xml
1;2219;hp__cq893a.xml
1;2233;hp__a2w75a.xml
1;2234;hp__a2w76a.xml
1;2235;hp__a2w77a.xml
1;2236;hp__a2w78a.xml
1;2237;hp__d3l08a.xml
1;2238;hp__d3l09a.xml
1;2239;hp__d3l10a.xml
1;2240;hp__t6b71a.xml
1;2241;hp__t6b70a.xml
1;2242;hp__t6b81a.xml
1;2243;hp__t6b82a.xml
1;2244;hp__t6b80a.xml
1;2245;hp__t6b60a.xml
1;2246;hp__t6b59a.xml
1;2247;hp__j8j63a.xml
1;2248;hp__j8j64a.xml
1;2249;hp__j8j72a.xml
1;2250;hp__j8j65a.xml
1;2251;hp__j8j71a.xml
1;2252;hp__j8j70a.xml
1;2253;hp__cf147a.xml
1;2254;hp__cf146a.xml
1;2255;hp__cr649c.xml
1;2256;hp__ch539a.xml
1;2257;hp__cq305a.xml
1;2258;hp__ck834a.xml
1;2259;hp__ch538a.xml
1;2260;hp__b9e24b.xml
1;2301;xerox__b405v_dn.xml
1;2303;xerox__b400v_dn.xml
1;2304;xerox__b610v_dn.xml
1;2305;xerox__b600v_dn.xml
1;2306;xerox__b605v_s.xml
1;2307;xerox__b605v_x.xml
1;2308;xerox__b615v_x.xml
1;2309;xerox__b615v_xl.xml
1;2360;hp__g1w39a.xml
1;2361;hp__g1w40a.xml
1;2362;hp__g1w41a.xml
1;2363;hp__g1w46a.xml
1;2364;hp__g1w47a.xml
1;2365;hp__b5l04a.xml
1;2366;hp__b5l05a.xml
1;2367;hp__c2s12a.xml
1;2368;hp__c2s11a.xml
1;2369;hp__b5l06a.xml
1;2370;canon__0281c001.xml
1;2428;hp__cr358a.xml
1;2441;hp__g3q65a.xml
1;2442;hp__g3q62a.xml
1;2443;hp__g3q63a.xml
1;2444;hp__g3q61a.xml
1;2445;hp__g3q36a.xml
1;2446;hp__g3q37a.xml
1;2469;hp__g3q79a.xml
1;2506;lexmark__40c9555.xml
1;2507;lexmark__40c9554.xml
1;2508;lexmark__40c9136.xml
1;2512;lexmark__40c9036.xml
1;2513;hp__d3q20b.xml
1;2514;hp__j9v80b.xml
1;2515;hp__d3q16b.xml
1;2518;hp__j6u57b.xml
1;2519;canon__1474c013.xml
1;2522;canon__1476c006.xml
1;2523;canon__1476c001.xml
1;2524;hp__d9l20a.xml
1;2525;hp__d9l19a.xml
1;2526;hp__d9l18a.xml
1;2528;epson__c11ce47401.xml
1;2529;epson__c11ce37401.xml
1;2531;epson__c11ce38401.xml
1;2532;epson__c11ce27401.xml
1;2533;epson__c11ce28401.xml
1;2534;hp__cr359a.xml
1;2535;hp__l2y25a.xml
1;2536;hp__l2y26a.xml
1;2537;hp__l2y21a.xml
1;2538;hp__l2y22a.xml
1;2539;hp__l2y22b.xml
1;2540;hp__l2y23a.xml
1;2541;hp__l2y24a.xml
1;2542;hp__l2y24b.xml
1;2543;hp__cr356a.xml
1;2544;hp__cr357a.xml
1;2545;hp__cr354a.xml
1;2546;hp__cr355a.xml
1;2569;epson__c11cg02401.xml
1;2570;epson__c11cg05401.xml
1;2574;oki__45762012.xml
1;2575;oki__45762002.xml
1;2576;oki__45762022.xml
1;2577;oki__45762102.xml
1;2578;oki__45762112.xml
1;2579;oki__45762122.xml
1;2591;lexmark__35s5812.xml
1;2599;lexmark__35s6800.xml
1;2600;lexmark__35s6700.xml
1;2609;hp__b9e24a.xml
1;2616;lexmark__33s0712.xml
1;2624;hp__c5j91a.xml
1;2677;hp__ce866a.xml
1;2678;hp__ce865a.xml
1;2679;hp__cf040a.xml
1;2680;hp__c9309a.xml
1;2681;hp__cn555a.xml
1;2682;hp__cn557a.xml
1;2685;canon__2835b008.xml
1;2686;canon__3796b003.xml
1;2687;canon__2834b003.xml
1;2688;canon__3796b004.xml
1;2689;canon__2834b012.xml
1;2690;canon__2836b006.xml
1;2693;hp__cc522a.xml
1;2694;hp__cc523a.xml
1;2695;hp__cc524a.xml
1;2696;hp__cf304a.xml
1;2697;hp__j7z12a.xml
1;2698;hp__j7z11a.xml
1;2699;hp__z5g75a.xml
1;2700;hp__4pz45a.xml
1;2701;hp__j7z10a.xml
1;2702;hp__j7z09a.xml
1;2704;hp__4pz43a.xml
1;2707;hp__y3z46b.xml
1;2708;hp__4pz47a.xml
1;2709;hp__y3z54b.xml
1;2713;hp__y3z55b.xml
1;2715;canon__3058c003.xml
1;2716;canon__3062c003.xml
1;2717;canon__3060c003.xml
1;2718;canon__3056c003.xml
1;2719;canon__2442c003.xml
1;2720;canon__2443c003.xml
1;2721;canon__2444c003.xml
1;2723;canon__4840b001.xml
1;2724;canon__4840b002.xml
1;2725;canon__4840b003.xml
1;2726;hp__5zy59a.xml
1;2727;hp__5zy57a.xml
1;2728;hp__5zy61a.xml
1;2751;hp__f9a28a.xml
1;2752;hp__f9a30a.xml
1;2753;hp__f9a29a.xml
1;2754;hp__t0b52a.xml
1;2755;hp__t0b51a.xml
1;2756;hp__3ek15a.xml
1;2757;hp__3xb78a.xml
1;2758;hp__3ek10a.xml
1;2759;hp__3ek11a.xml
1;2760;hp__3ek12a.xml
1;2761;hp__3ek13a.xml
1;2762;hp__w6b55a.xml
1;2763;hp__1vd87a.xml
1;2764;hp__w6b56a.xml
1;2765;hp__1vd88a.xml
1;2766;kyocera__1102rl3nl0.xml
1;2767;kyocera__1102l73nl0.xml
1;2768;kyocera__1102vg3nl0.xml
1;2769;kyocera__1102vh3nl0.xml
1;2798;xerox__c7000v_n.xml
1;2799;xerox__c7000v_dn.xml
1;2800;oki__44871304.xml
1;2801;oki__44871204.xml
1;2803;oki__44871104.xml
1;2804;oki__44983725.xml
1;2807;oki__44983705.xml
1;2808;oki__44871004.xml
1;2828;hp__w1a30a.xml
1;2829;hp__w1a31a.xml
1;2830;hp__w1a32a.xml
1;2831;hp__w1a66a.xml
1;2832;hp__w1a53a.xml
1;2833;hp__w1a52a.xml
1;2834;hp__w1a56a.xml
1;2835;hp__cn727a.xml
1;2836;hp__cn728a.xml
1;2837;hp__q6683a.xml
1;2838;hp__q6684a.xml
1;2839;hp__q6687a.xml
1;2840;hp__q6688a.xml
1;2841;hp__q6713a.xml
1;2842;hp__ck835a.xml
1;2843;hp__cr651a.xml
1;2844;hp__cr652a.xml
1;2845;hp__cq105a.xml
1;2846;hp__f2l46a.xml
1;2856;epson__c13t009401.xml
1;2857;epson__c13t007402.xml
1;2858;hp__c4810a.xml
1;2859;hp__c4811a.xml
1;2860;hp__c4812a.xml
1;2861;hp__c4813a.xml
1;2862;xerox__106r00462.xml
1;2863;xerox__106r00461.xml
1;2864;xerox__106r00646.xml
1;2866;xerox__113r00495.xml
1;2867;xerox__113r00443.xml
1;2870;samsung__scx-5312d6.xml
1;2872;epson__c13t052040.xml
1;2873;xerox__106r00586.xml
1;2874;xerox__113r00663.xml
1;2875;xerox__113r00506.xml
1;2876;xerox__113r00671.xml
1;2877;xerox__106r01048.xml
1;2880;hp__c4092a.xml
1;2881;canon__ep-22.xml
1;2882;hp__q2612a.xml
1;2884;epson__c12c890191.xml
1;2885;epson__c13t543200.xml
1;2886;epson__c13t543400.xml
1;2887;epson__c13t543800.xml
1;2888;epson__c13t543300.xml
1;2889;epson__c13t543700.xml
1;2890;epson__c13t543100.xml
1;2891;epson__c13t543500.xml
1;2892;epson__c13t543600.xml
1;2893;hp__q2610a.xml
1;2895;xerox__006r01044.xml
1;2896;epson__c13t051142.xml
1;2897;hp__c4911a.xml
1;2898;epson__c13s050097.xml
1;2899;epson__c13s050098.xml
1;2900;epson__c13s050099.xml
1;2901;epson__c13s050100.xml
1;2902;hp__c4912a.xml
1;2903;hp__c4913a.xml
1;2904;hp__c4844a.xml
1;2905;epson__c13t026402.xml
1;2906;epson__c13t027401.xml
1;2907;epson__c13t026401.xml
1;2908;epson__c13t027403.xml
1;2909;hp__q2613a.xml
1;2912;canon__6837a003.xml
1;2918;canon__6836a002.xml
1;2919;epson__c13s020122.xml
1;2920;epson__c13s020118.xml
1;2921;epson__c13s020130.xml
1;2922;epson__c13s020126.xml
1;2923;epson__c13t001011.xml
1;2924;epson__c13t050142.xml
1;2925;epson__c13t033640.xml
1;2926;epson__c13t033340.xml
1;2927;epson__c13t033540.xml
1;2928;epson__c13t033440.xml
1;2929;epson__c13t033140.xml
1;2930;epson__c13t033240.xml
1;2931;epson__c13t054040.xml
1;2932;epson__c13t054240.xml
1;2933;epson__c13t054440.xml
1;2934;epson__c13t054740.xml
1;2935;epson__c13t054840.xml
1;2936;epson__c13t054340.xml
1;2937;epson__c13t054940.xml
1;2938;epson__c13t054140.xml
1;2940;hp__c7115a.xml
1;2941;hp__c7115x.xml
1;2942;hp__c3906a.xml
1;2943;hp__c4127a.xml
1;2944;hp__c4127x.xml
1;2945;hp__q5949x.xml
1;2946;hp__q5949a.xml
1;2947;hp__q2613x.xml
1;2948;xerox__006r90288.xml
1;2949;xerox__006r90287.xml
1;2950;xerox__006r90286.xml
1;2951;xerox__006r90285.xml
1;2952;hp__q6003a.xml
1;2953;hp__q6002a.xml
1;2954;hp__q6001a.xml
1;2955;hp__q6000a.xml
1;2956;hp__c9424a.xml
1;2957;hp__c9423a.xml
1;2958;hp__c9422a.xml
1;2959;hp__c9421a.xml
1;2960;hp__c9420a.xml
1;2961;hp__c5019a.xml
1;2966;hp__c9429a.xml
1;2967;hp__c9427a.xml
1;2968;hp__c9425a.xml
1;2969;hp__c9426a.xml
1;2970;hp__c5016a.xml
1;2971;hp__c9428a.xml
1;2972;hp__q3964a.xml
1;2973;hp__q3960a.xml
1;2974;hp__q3961a.xml
1;2975;hp__q3962a.xml
1;2976;hp__q3963a.xml
1;2977;hp__q3971a.xml
1;2978;hp__q3972a.xml
1;2979;hp__q3973a.xml
1;2980;hp__q7560a.xml
1;2981;hp__q7561a.xml
1;2982;hp__q7562a.xml
1;2983;hp__q7563a.xml
1;2984;hp__q6470a.xml
1;2985;hp__q6471a.xml
1;2986;hp__q6472a.xml
1;2987;hp__q6473a.xml
1;2988;hp__q7581a.xml
1;2989;hp__q7582a.xml
1;2990;hp__q7583a.xml
1;2991;epson__c13t564200.xml
1;2992;epson__c13t564300.xml
1;2993;epson__c13t564400.xml
1;2994;epson__c13t564500.xml
1;2995;epson__c13t564600.xml
1;2996;epson__c13t564700.xml
1;2997;epson__c13t564100.xml
1;2998;epson__c13t564900.xml
1;2999;xerox__006r01179.xml
1;3000;xerox__013r00589.xml
1;3001;hp__c3903a.xml
1;3002;canon__bc-20.xml
1;3004;epson__s020062.xml
1;3007;canon__bc-02.xml
1;3009;samsung__ml-6060d6.xml
1;3010;samsung__ml-2150d8.xml
1;3011;xerox__109r00725.xml
1;3012;brother__tn-3060.xml
1;3013;brother__tn-3030.xml
1;3019;brother__dr-3000.xml
1;3020;samsung__ml-1610d2.xml
1;3021;samsung__ml-1520d3.xml
1;3022;canon__cl-41.xml
1;3024;canon__pg-40.xml
1;3026;canon__cl-52.xml
1;3027;xerox__3r97036.xml
1;3029;hp__51645ae.xml
1;3031;hp__q6511a.xml
1;3032;hp__q6511x.xml
1;3033;hp__c4096a.xml
1;3037;canon__ep-27.xml
1;3041;hp__c6656a.xml
1;3042;hp__c6656ae.xml
1;3043;hp__c6657a.xml
1;3044;hp__c6657ae.xml
1;3049;brother__tn-8000.xml
1;3050;brother__dr-8000.xml
1;3052;canon__7815a003.xml
1;3053;hp__c9730a.xml
1;3054;hp__c9731a.xml
1;3055;hp__c9732a.xml
1;3056;hp__c9733a.xml
1;3057;xerox__109r00639.xml
1;3058;xerox__106r01159.xml
1;3059;xerox__106r00683.xml
1;3060;xerox__106r00676.xml
1;3061;xerox__106r00677.xml
1;3062;xerox__106r00678.xml
1;3063;xerox__106r00679.xml
1;3064;xerox__106r00680.xml
1;3065;xerox__106r00681.xml
1;3066;xerox__106r00682.xml
1;3067;xerox__106r00684.xml
1;3068;canon__e16.xml
1;3069;samsung__ml-4500d3.xml
1;3070;hp__c8727ae.xml
1;3071;kyocera__tk-100.xml
1;3072;kyocera__tk-410.xml
1;3074;canon__npg-11.xml
1;3075;samsung__ml-1210d3.xml
1;3076;canon__e30.xml
1;3077;hp__q2624a.xml
1;3078;hp__q2670a.xml
1;3079;hp__q2671a.xml
1;3080;hp__q2672a.xml
1;3081;hp__q2673a.xml
1;3082;hp__c8061a.xml
1;3083;hp__c8061x.xml
1;3084;hp__c4129x.xml
1;3086;hp__c6614de.xml
1;3087;hp__c6578d.xml
1;3088;hp__c6578a.xml
1;3089;hp__c1823d.xml
1;3091;epson__c13s050101.xml
1;3092;epson__c13s051083.xml
1;3093;hp__q5942a.xml
1;3094;hp__q5942x.xml
1;3095;canon__6647a002.xml
1;3096;canon__6648a003.xml
1;3097;xerox__106r00687.xml
1;3098;xerox__106r00688.xml
1;3100;xerox__106r00441.xml
1;3101;xerox__106r00442.xml
1;3102;samsung__ml-1710d3.xml
1;3103;samsung__ink-m40.xml
1;3105;samsung__scx-4216d3.xml
1;3106;samsung__scx-4100d3.xml
1;3107;canon__fx-3.xml
1;3108;oki__01103409.xml
1;3109;sharp__zt-81td1.xml
1;3111;hp__q2681a.xml
1;3112;hp__q2682a.xml
1;3113;hp__q2683a.xml
1;3114;canon__qy6-0042-000.xml
1;3115;canon__bci-3ebk.xml
1;3116;canon__bci-6c.xml
1;3117;canon__bci-6y.xml
1;3118;canon__bci-6m.xml
1;3119;canon__qy6-0043-000.xml
1;3120;canon__bci-6pm.xml
1;3121;canon__bci-6pc.xml
1;3122;canon__bci-6bk.xml
1;3123;canon__qy6-0040-000.xml
1;3124;canon__qy6-0035-000.xml
1;3125;canon__bci-3ec.xml
1;3126;canon__bci-3em.xml
1;3127;canon__bci-3ey.xml
1;3128;canon__qy6-0045-000.xml
1;3131;canon__qy6-0057-000.xml
1;3132;canon__bci-24bk.xml
1;3138;epson__c13s050213.xml
1;3139;epson__c13s050212.xml
1;3140;epson__c13s050210.xml
1;3141;epson__c13s050211.xml
1;3142;epson__c13s051093.xml
1;3143;epson__c13s053012.xml
1;3144;epson__c13s053006.xml
1;3145;epson__c13s050149.xml
1;3146;epson__c13s050146.xml
1;3147;epson__c13s050147.xml
1;3148;epson__c13s050148.xml
1;3149;hp__c8728ae.xml
1;3150;hp__c6658ae.xml
1;3151;samsung__scx-6320r2.xml
1;3152;samsung__scx-6320d8.xml
1;3153;xerox__013r00606.xml
1;3154;xerox__013r00607.xml
1;3155;xerox__006r01020.xml
1;3158;samsung__ml-2550da.xml
1;3159;hp__c9700a.xml
1;3160;hp__c9701a.xml
1;3161;hp__c9702a.xml
1;3162;hp__c9703a.xml
1;3164;epson__s020039.xml
1;3171;xerox__106r01034.xml
1;3172;xerox__106r01033.xml
1;3173;hp__c4191a.xml
1;3174;hp__c4192a.xml
1;3175;hp__c4193a.xml
1;3176;hp__c4194a.xml
1;3177;canon__bc-21e.xml
1;3178;canon__bc-22e.xml
1;3182;epson__c13t048640.xml
1;3183;epson__c13t048540.xml
1;3184;epson__c13t048340.xml
1;3185;epson__c13t048240.xml
1;3186;epson__c13t048440.xml
1;3187;epson__c13t048140.xml
1;3193;hp__c9368.xml
1;3194;hp__c9704a.xml
1;3195;hp__c4837ae.xml
1;3196;hp__c4836ae.xml
1;3197;hp__c4838ae.xml
1;3200;canon__npg-1.xml
1;3201;canon__bc-30e.xml
1;3204;canon__bci-3epm.xml
1;3205;canon__bci-3epc.xml
1;3206;canon__bci-3epbk.xml
1;3207;canon__bc-31e.xml
1;3208;canon__bc-32e.xml
1;3209;hp__q1338a.xml
1;3210;canon__1514a003.xml
1;3211;canon__1513a003.xml
1;3212;canon__1512a003.xml
1;3213;canon__1515a003.xml
1;3215;xerox__109r00746.xml
1;3216;xerox__109r00747.xml
1;3217;xerox__109r00748.xml
1;3218;xerox__106r01148.xml
1;3219;xerox__106r01149.xml
1;3220;xerox__113r00656.xml
1;3221;xerox__113r00657.xml
1;3222;xerox__113r00668.xml
1;3223;xerox__113r00670.xml
1;3224;xerox__016197800.xml
1;3225;xerox__016197700.xml
1;3226;xerox__016197900.xml
1;3227;xerox__016198000.xml
1;3228;xerox__016199600.xml
1;3229;xerox__016199300.xml
1;3230;xerox__016199500.xml
1;3231;xerox__016199400.xml
1;3232;xerox__016197600.xml
1;3233;xerox__016197300.xml
1;3234;xerox__016197400.xml
1;3235;xerox__016197500.xml
1;3236;xerox__113r00627.xml
1;3237;xerox__113r00628.xml
1;3242;samsung__ml-2250d5.xml
1;3243;epson__c13t559140.xml
1;3244;epson__c13t559240.xml
1;3245;epson__c13t559340.xml
1;3246;epson__c13t559440.xml
1;3247;epson__c13t559540.xml
1;3248;epson__c13t559640.xml
1;3249;epson__c13t563100.xml
1;3250;epson__c13t563700.xml
1;3251;epson__c13t563200.xml
1;3252;epson__c13t563400.xml
1;3253;epson__c13t567800.xml
1;3254;epson__c13t563300.xml
1;3255;epson__c13t563500.xml
1;3256;epson__c13t563600.xml
1;3257;epson__c13t563900.xml
1;3258;epson__8755.xml
1;3259;hp__c9720a.xml
1;3264;hp__q1339a.xml
1;3265;hp__q5950a.xml
1;3266;hp__q5951a.xml
1;3267;hp__q5952a.xml
1;3268;hp__q5953a.xml
1;3273;epson__c13t567300.xml
1;3274;epson__c13t567200.xml
1;3275;epson__c13t567400.xml
1;3276;epson__c13t549100.xml
1;3277;epson__c13t549500.xml
1;3278;epson__c13t549200.xml
1;3279;epson__c13t549400.xml
1;3280;epson__c13t549300.xml
1;3281;epson__c13t549600.xml
1;3282;epson__c13s020147.xml
1;3283;epson__c13s020143.xml
1;3288;epson__c13t034640.xml
1;3289;epson__c13t034540.xml
1;3290;epson__c13t034740.xml
1;3291;epson__c13t034340.xml
1;3292;epson__c13t034440.xml
1;3293;epson__c13t034240.xml
1;3294;epson__c13t034140.xml
1;3295;epson__c13t034840.xml
1;3302;epson__c13t044140.xml
1;3303;epson__c13t044340.xml
1;3304;epson__c13t044440.xml
1;3305;epson__c13t044240.xml
1;3306;epson__c13t043140.xml
1;3307;xerox__013r00621.xml
1;3308;xerox__013r00625.xml
1;3309;xerox__006r01278.xml
1;3311;brother__tn-3130.xml
1;3312;brother__tn-3170.xml
1;3313;brother__dr-3100.xml
1;3314;xerox__006r90247.xml
1;3315;xerox__006r90250.xml
1;3316;xerox__005r90210.xml
1;3317;xerox__005r90213.xml
1;3318;xerox__005r90211.xml
1;3319;xerox__006r90249.xml
1;3320;xerox__006r90248.xml
1;3322;xerox__005r00310.xml
1;3323;xerox__006r90269.xml
1;3324;xerox__106r01073.xml
1;3325;xerox__106r01074.xml
1;3326;xerox__106r01075.xml
1;3327;xerox__106r01076.xml
1;3328;xerox__106r01082.xml
1;3329;xerox__106r01083.xml
1;3330;xerox__106r01084.xml
1;3331;xerox__106r01085.xml
1;3332;xerox__106r01144.xml
1;3333;xerox__106r01145.xml
1;3334;xerox__106r01146.xml
1;3335;xerox__106r01147.xml
1;3336;xerox__113r00445.xml
1;3337;xerox__113r00446.xml
1;3338;hp__q7553a.xml
1;3339;hp__q7553x.xml
1;3340;hp__q7553xd.xml
1;3341;hp__q7551a.xml
1;3342;hp__q7551x.xml
1;3343;hp__q7551xd.xml
1;3344;hp__cb436a.xml
1;3345;hp__c9364he.xml
1;3346;hp__c9363he.xml
1;3348;hp__c8766he.xml
1;3349;hp__cb332he.xml
1;3350;hp__c8767he.xml
1;3351;hp__c9504he.xml
1;3352;hp__c9369he.xml
1;3354;lexmark__10n0016e.xml
1;3355;lexmark__10n0026e.xml
1;3356;hp__q5945a.xml
1;3357;hp__c4182x.xml
1;3362;samsung__scx-4720d3.xml
1;3363;samsung__scx-4720d5.xml
1;3366;oki__40433203.xml
1;3367;oki__41331602.xml
1;3368;oki__41331702.xml
1;3369;oki__40433303.xml
1;3370;hp__cb540a.xml
1;3371;hp__cb541a.xml
1;3372;hp__cb542a.xml
1;3373;hp__cb543a.xml
1;3374;hp__cc530a.xml
1;3375;hp__cc530ad.xml
1;3376;hp__cc531a.xml
1;3377;hp__cc532a.xml
1;3378;hp__cc533a.xml
1;3379;hp__c9351ae.xml
1;3380;hp__c9351be.xml
1;3381;hp__c9351ce.xml
1;3382;hp__c9352ae.xml
1;3383;hp__c9352ce.xml
1;3384;hp__c9368ae.xml
1;3385;hp__c9361he.xml
1;3386;hp__q7516a.xml
1;3387;hp__cb435a.xml
1;3388;hp__ce505a.xml
1;3389;hp__ce505x.xml
1;3390;hp__cc364a.xml
1;3391;hp__cc364x.xml
1;3401;brother__tn-3230.xml
1;3402;brother__tn-3280.xml
1;3403;samsung__mlt-d108s.xml
1;3404;samsung__mlt-d106s.xml
1;3405;samsung__ml-d2850a.xml
1;3406;samsung__ml-d2850b.xml
1;3407;samsung__ml-d3470a.xml
1;3408;samsung__ml-d3470b.xml
1;3409;samsung__ml-d4550a.xml
1;3410;samsung__ml-d4550b.xml
1;3411;epson__c13s051188.xml
1;3412;epson__c13s050435.xml
1;3413;epson__c13s050436.xml
1;3414;epson__c13s051170.xml
1;3420;xerox__106r01374.xml
1;3421;xerox__106r01373.xml
1;3422;xerox__106r01414.xml
1;3423;xerox__106r01415.xml
1;3424;xerox__106r01370.xml
1;3425;xerox__106r01371.xml
1;3426;xerox__113r00711.xml
1;3427;xerox__113r00712.xml
1;3428;xerox__106r01294.xml
1;3429;xerox__113r00737.xml
1;3431;canon__0384b002.xml
1;3434;canon__c-exv22.xml
1;3436;canon__fx-10.xml
1;3441;canon__pg-37.xml
1;3442;canon__cl-38.xml
1;3443;canon__cl-511.xml
1;3444;canon__cl-513.xml
1;3445;canon__pg-510.xml
1;3446;canon__pg-512.xml
1;3447;canon__pgi-520bk.xml
1;3448;canon__cli-521bk.xml
1;3449;canon__cli-521c.xml
1;3450;canon__cli-521m.xml
1;3451;canon__cli-521y.xml
1;3452;canon__pgi-5bk.xml
1;3453;canon__cli-8bk.xml
1;3454;canon__cli-8c.xml
1;3455;canon__cli-8m.xml
1;3456;canon__cli-8y.xml
1;3457;canon__pgi-9pbk.xml
1;3458;canon__pgi-9y.xml
1;3459;canon__pgi-9c.xml
1;3460;canon__pgi-9m.xml
1;3462;canon__pfi-301c.xml
1;3464;canon__pfi-301b.xml
1;3467;canon__pfi-301y.xml
1;3468;canon__pfi-301g.xml
1;3470;canon__pfi-301m.xml
1;3471;canon__pfi-301pm.xml
1;3472;canon__pfi-301r.xml
1;3485;canon__pfi-102mbk.xml
1;3486;canon__pfi-102m.xml
1;3487;canon__pfi-102y.xml
1;3488;canon__pfi-102bk.xml
1;3489;canon__pfi-102c.xml
1;3501;epson__c13t591100.xml
1;3502;epson__c13t591200.xml
1;3503;epson__c13t591300.xml
1;3504;epson__c13t591400.xml
1;3505;epson__c13t591500.xml
1;3506;epson__c13t591600.xml
1;3507;epson__c13t591700.xml
1;3508;epson__c13t591800.xml
1;3509;epson__c13t624100.xml
1;3510;epson__c13t624200.xml
1;3511;epson__c13t624300.xml
1;3512;epson__c13t624400.xml
1;3513;epson__c13t624500.xml
1;3514;epson__c13t624600.xml
1;3515;epson__c13t624700.xml
1;3516;epson__c13t624800.xml
1;3517;epson__c13t612200.xml
1;3518;epson__c13t612300.xml
1;3519;epson__c13t612400.xml
1;3520;epson__c13t612800.xml
1;3521;epson__c13t603100.xml
1;3522;epson__c13t603200.xml
1;3523;epson__c13t603300.xml
1;3524;epson__c13t603400.xml
1;3525;epson__c13t603500.xml
1;3526;epson__c13t603600.xml
1;3527;epson__c13t603700.xml
1;3529;epson__c13t596100.xml
1;3530;epson__c13t596200.xml
1;3531;epson__c13t596300.xml
1;3532;epson__c13t596900.xml
1;3533;epson__c13t596b00.xml
1;3534;epson__c13t596400.xml
1;3535;epson__c13t596700.xml
1;3536;epson__c13t596500.xml
1;3537;epson__c13t596600.xml
1;3538;epson__c13t596800.xml
1;3539;epson__c13t596a00.xml
1;3540;epson__c13t636100.xml
1;3541;epson__c13t636200.xml
1;3542;epson__c13t636300.xml
1;3543;epson__c13t636400.xml
1;3544;epson__c13t636500.xml
1;3545;epson__c13t636600.xml
1;3546;epson__c13t636800.xml
1;3547;epson__c13t636900.xml
1;3548;epson__c13t636a00.xml
1;3549;epson__c13t636b00.xml
1;3550;epson__c13t636700.xml
1;3551;epson__c13t603900.xml
1;3552;epson__c13t580100.xml
1;3553;epson__c13t580200.xml
1;3554;epson__c13t580300.xml
1;3555;epson__c13t580500.xml
1;3556;epson__c13t580600.xml
1;3557;epson__c13t580700.xml
1;3558;epson__c13t580800.xml
1;3559;epson__c13t580900.xml
1;3560;epson__c13t613200.xml
1;3561;epson__c13t613300.xml
1;3562;epson__c13t613400.xml
1;3563;epson__c13t613800.xml
1;3564;epson__c13t614200.xml
1;3565;epson__c13t614300.xml
1;3566;epson__c13t614400.xml
1;3567;epson__c13t614800.xml
1;3568;epson__c13t605100.xml
1;3569;epson__c13t605200.xml
1;3570;epson__c13t605300.xml
1;3571;epson__c13t605400.xml
1;3572;epson__c13t605500.xml
1;3573;epson__c13t605600.xml
1;3574;epson__c13t606700.xml
1;3576;epson__c13t605900.xml
1;3577;epson__c13t606100.xml
1;3578;epson__c13t606200.xml
1;3579;epson__c13t606300.xml
1;3580;epson__c13t606400.xml
1;3581;epson__c13t606500.xml
1;3582;epson__c13t606600.xml
1;3584;epson__c13t606900.xml
1;3585;epson__c13t605700.xml
1;3586;epson__c13s050040.xml
1;3587;epson__c13s050039.xml
1;3588;epson__c13s050041.xml
1;3589;epson__c13s051082.xml
1;3590;epson__c13s051177.xml
1;3591;epson__c13s051176.xml
1;3592;epson__c13s051178.xml
1;3593;epson__c13s050477.xml
1;3594;epson__c13s050474.xml
1;3595;epson__c13s050475.xml
1;3596;epson__c13s050476.xml
1;3597;epson__c13s051109.xml
1;3598;epson__c13s050245.xml
1;3599;epson__c13s050242.xml
1;3600;epson__c13s050244.xml
1;3601;epson__c13s050243.xml
1;3602;epson__c13s051127.xml
1;3603;epson__c13s051125.xml
1;3604;epson__c13s051126.xml
1;3605;epson__c13s051124.xml
1;3606;epson__c13s051158.xml
1;3607;epson__c13s051162.xml
1;3608;epson__c13s051160.xml
1;3609;epson__c13s051161.xml
1;3610;epson__c13s051165.xml
1;3611;epson__c13s051163.xml
1;3612;epson__c13s051164.xml
1;3613;epson__c13s051159.xml
1;3614;epson__c13s050038.xml
1;3628;epson__c13t10324a10.xml
1;3629;epson__c13t10334a10.xml
1;3630;epson__c13t10344a10.xml
1;3631;epson__c13t10314a10.xml
1;3637;xerox__106r01203.xml
1;3638;xerox__106r01206.xml
1;3639;xerox__106r01204.xml
1;3640;xerox__106r01205.xml
1;3641;xerox__106r01338.xml
1;3642;xerox__106r01335.xml
1;3643;xerox__106r01336.xml
1;3644;xerox__106r01337.xml
1;3645;xerox__106r01221.xml
1;3646;xerox__106r01217.xml
1;3647;xerox__106r01214.xml
1;3648;xerox__106r01218.xml
1;3649;xerox__106r01219.xml
1;3650;xerox__106r01215.xml
1;3651;xerox__106r01216.xml
1;3652;xerox__106r01220.xml
1;3653;xerox__106r01282.xml
1;3654;xerox__106r01283.xml
1;3655;xerox__106r01284.xml
1;3656;xerox__106r01285.xml
1;3657;xerox__106r01389.xml
1;3658;xerox__106r01390.xml
1;3659;xerox__106r01388.xml
1;3660;xerox__106r01403.xml
1;3661;xerox__106r01402.xml
1;3662;xerox__106r01400.xml
1;3663;xerox__106r01401.xml
1;3664;xerox__106r01391.xml
1;3665;xerox__108r00767.xml
1;3666;xerox__108r00768.xml
1;3667;xerox__108r00764.xml
1;3668;xerox__108r00765.xml
1;3669;xerox__108r00766.xml
1;3670;xerox__106r01163.xml
1;3671;xerox__106r01160.xml
1;3672;xerox__106r01161.xml
1;3673;xerox__106r01162.xml
1;3674;xerox__106r01080.xml
1;3675;xerox__106r01150.xml
1;3676;xerox__106r01151.xml
1;3677;xerox__106r01152.xml
1;3678;xerox__106r01077.xml
1;3679;xerox__106r01078.xml
1;3680;xerox__106r01079.xml
1;3681;xerox__106r01378.xml
1;3682;xerox__106r01379.xml
1;3683;xerox__106r01411.xml
1;3684;xerox__106r01412.xml
1;3685;xerox__106r01485.xml
1;3686;xerox__106r01486.xml
1;3687;xerox__106r01413.xml
1;3688;xerox__106r01277.xml
1;3689;hp__c4930a.xml
1;3690;hp__c4931a.xml
1;3691;hp__c4932a.xml
1;3692;hp__c4933a.xml
1;3693;hp__c4934a.xml
1;3694;hp__c4935a.xml
1;3695;epson__c13s051175.xml
1;3696;xerox__106r01081.xml
1;3697;xerox__108r00650.xml
1;3698;xerox__108r00721.xml
1;3699;epson__c13t582000.xml
1;3700;hp__c9390a.xml
1;3701;hp__c9448a.xml
1;3702;hp__c9449a.xml
1;3703;hp__c9451a.xml
1;3704;hp__c9452a.xml
1;3705;hp__c9453a.xml
1;3706;hp__c9454a.xml
1;3707;hp__c9455a.xml
1;3708;hp__c9450a.xml
1;3709;hp__c9457a.xml
1;3710;hp__c9458a.xml
1;3711;hp__c9459a.xml
1;3712;hp__c9456a.xml
1;3713;hp__cd951a.xml
1;3714;hp__cb339a.xml
1;3715;hp__cb342a.xml
1;3716;hp__cb344a.xml
1;3717;hp__cb345a.xml
1;3718;hp__cb346a.xml
1;3719;hp__cb351a.xml
1;3720;hp__cd952a.xml
1;3721;hp__cb350a.xml
1;3722;hp__cb348a.xml
1;3723;hp__cb349a.xml
1;3724;hp__cb340a.xml
1;3725;hp__cb341a.xml
1;3726;hp__c9464a.xml
1;3727;hp__c9465a.xml
1;3728;hp__c9466a.xml
1;3729;hp__c9467a.xml
1;3730;hp__c9468a.xml
1;3731;hp__c9469a.xml
1;3732;hp__c9470a.xml
1;3733;hp__c9471a.xml
1;3734;hp__c9485a.xml
1;3735;hp__c9487a.xml
1;3736;hp__c9484a.xml
1;3737;hp__c9486a.xml
1;3738;hp__c9483a.xml
1;3739;hp__c9480a.xml
1;3740;hp__c9481a.xml
1;3741;hp__c9482a.xml
1;3742;canon__0385b002.xml
1;3743;hp__c9370a.xml
1;3744;hp__c9371a.xml
1;3745;hp__c9372a.xml
1;3746;hp__c9373a.xml
1;3747;hp__c9374a.xml
1;3748;hp__c9397a.xml
1;3749;hp__c9398a.xml
1;3750;hp__c9399a.xml
1;3751;hp__c9400a.xml
1;3752;hp__c9401a.xml
1;3753;hp__c9403a.xml
1;3754;hp__c4940a.xml
1;3755;hp__c4941a.xml
1;3756;hp__c4942a.xml
1;3757;hp__c4943a.xml
1;3758;hp__c4944a.xml
1;3759;hp__c4945a.xml
1;3760;hp__c4950a.xml
1;3761;hp__c4951a.xml
1;3762;hp__c4952a.xml
1;3763;hp__c4953a.xml
1;3764;hp__c4954a.xml
1;3765;hp__c4955a.xml
1;3766;hp__c5058a.xml
1;3767;hp__c5059a.xml
1;3768;hp__c5060a.xml
1;3769;hp__c5061a.xml
1;3770;hp__c5062a.xml
1;3771;hp__c5063a.xml
1;3772;hp__c5064a.xml
1;3773;hp__c5065a.xml
1;3774;hp__c5082a.xml
1;3775;hp__c5083a.xml
1;3776;hp__c5084a.xml
1;3777;hp__c5085a.xml
1;3778;hp__c5095a.xml
1;3779;hp__ch565a.xml
1;3780;hp__c4841a.xml
1;3781;hp__c4842a.xml
1;3782;hp__c4843a.xml
1;3783;canon__2101b002aa.xml
1;3786;canon__1511a003.xml
1;3789;canon__1316a001.xml
1;3790;canon__1337a001.xml
1;3791;canon__1331a006.xml
1;3792;epson__c13s053009.xml
1;3793;epson__c13s053024.xml
1;3794;epson__c13s053025.xml
1;3798;epson__c13s050020.xml
1;3800;xerox__101r00434.xml
1;3801;xerox__101r00435.xml
1;3802;xerox__108r00593.xml
1;3803;xerox__108r00645.xml
1;3804;xerox__108r00647.xml
1;3805;xerox__108r00648.xml
1;3806;xerox__108r00649.xml
1;3807;xerox__108r00713.xml
1;3808;xerox__108r00575.xml
1;3809;xerox__113r00689.xml
1;3810;xerox__113r00690.xml
1;3811;xerox__113r00691.xml
1;3812;xerox__113r00692.xml
1;3813;xerox__113r00693.xml
1;3814;xerox__113r00694.xml
1;3815;xerox__113r00695.xml
1;3816;xerox__113r00722.xml
1;3817;xerox__113r00726.xml
1;3818;xerox__113r00719.xml
1;3819;xerox__113r00723.xml
1;3820;xerox__113r00721.xml
1;3821;xerox__113r00725.xml
1;3822;xerox__113r00720.xml
1;3823;xerox__113r00724.xml
1;3824;xerox__106r01245.xml
1;3825;xerox__106r01246.xml
1;3826;xerox__001r00119.xml
1;3828;xerox__006r90159.xml
1;3831;xerox__006r00303.xml
1;3834;xerox__006r01125.xml
1;3835;xerox__006r01124.xml
1;3836;xerox__006r01123.xml
1;3837;xerox__006r01122.xml
1;3838;xerox__013r00562.xml
1;3839;xerox__108r00497.xml
1;3840;xerox__108r00498.xml
1;3842;xerox__109r00732.xml
1;3844;xerox__108r00594.xml
1;3845;xerox__108r00722.xml
1;3846;xerox__108r00691.xml
1;3847;xerox__016200001.xml
1;3848;xerox__108r00746.xml
1;3849;xerox__108r00747.xml
1;3850;xerox__108r00748.xml
1;3851;xerox__108r00749.xml
1;3852;xerox__101r00421.xml
1;3853;xerox__013r00601.xml
1;3854;xerox__101r00432.xml
1;3861;epson__c13s050155.xml
1;3862;epson__c13s050156.xml
1;3863;epson__c13s050157.xml
1;3864;epson__c13s051110.xml
1;3865;epson__c13s053021.xml
1;3866;epson__c13s053022.xml
1;3867;epson__c13s050478.xml
1;3868;hp__c4195a.xml
1;3869;hp__c4196a.xml
1;3870;hp__c4198a.xml
1;3872;hp__q7502a.xml
1;3873;hp__q7503a.xml
1;3874;hp__q7504a.xml
1;3879;hp__q5949xd.xml
1;3880;hp__q2610d.xml
1;3881;hp__q6511xd.xml
1;3882;hp__q5942xd.xml
1;3883;canon__bc-05.xml
1;3885;canon__bc-06.xml
1;3888;canon__0881b001aa.xml
1;3889;epson__c13t045440.xml
1;3890;epson__c13t045340.xml
1;3891;epson__c13t045240.xml
1;3898;lexmark__12a1970.xml
1;3899;lexmark__12a1980.xml
1;3900;lexmark__12a1990.xml
1;3901;lexmark__12a1985.xml
1;3902;lexmark__12a1975e.xml
1;3908;oki__42126662.xml
1;3909;oki__42126663.xml
1;3910;oki__42126664.xml
1;3911;oki__42126665.xml
1;3912;oki__42158712.xml
1;3913;oki__42625503.xml
1;3914;lexmark__12016se.xml
1;3915;lexmark__12036se.xml
1;3916;lexmark__12026xw.xml
1;3917;lexmark__e250a21e.xml
1;3918;lexmark__e250a11e.xml
1;3919;lexmark__e450h21e.xml
1;3920;lexmark__e352h11e.xml
1;3921;lexmark__e352h21e.xml
1;3922;lexmark__e250x22g.xml
1;3923;lexmark__64016he.xml
1;3924;lexmark__64016se.xml
1;3925;lexmark__64036he.xml
1;3926;lexmark__64036se.xml
1;3927;lexmark__w84020h.xml
1;3928;lexmark__w84030h.xml
1;3929;lexmark__e260a11e.xml
1;3930;lexmark__e260a21e.xml
1;3931;lexmark__e260x22g.xml
1;3932;lexmark__t650h11e.xml
1;3933;lexmark__t650a11e.xml
1;3934;lexmark__t650h04e.xml
1;3935;lexmark__t650h21e.xml
1;3936;lexmark__t650a21e.xml
1;3937;lexmark__x203a11g.xml
1;3938;lexmark__x203a21g.xml
1;3939;lexmark__x203h22g.xml
1;3940;lexmark__10b3100.xml
1;3941;lexmark__15g042k.xml
1;3942;lexmark__15g041k.xml
1;3943;lexmark__15g032k.xml
1;3944;lexmark__15g031k.xml
1;3945;lexmark__15g042c.xml
1;3946;lexmark__15g041c.xml
1;3947;lexmark__15g032c.xml
1;3948;lexmark__15g031c.xml
1;3949;lexmark__15g042m.xml
1;3950;lexmark__15g041m.xml
1;3951;lexmark__15g032m.xml
1;3952;lexmark__15g031m.xml
1;3953;lexmark__15g042y.xml
1;3954;lexmark__15g041y.xml
1;3955;lexmark__15g032y.xml
1;3956;lexmark__15g031y.xml
1;3957;lexmark__x644x11e.xml
1;3958;lexmark__x644h11e.xml
1;3959;lexmark__x644a11e.xml
1;3960;lexmark__x644x21e.xml
1;3961;lexmark__x644h21e.xml
1;3962;lexmark__x644a21e.xml
1;3963;lexmark__x850h21g.xml
1;3964;lexmark__x850h22g.xml
1;3965;lexmark__x651h11e.xml
1;3966;lexmark__x651a11e.xml
1;3967;lexmark__x651h04e.xml
1;3968;lexmark__x651a21e.xml
1;3969;lexmark__0018s0090.xml
1;3970;lexmark__x264a21g.xml
1;3971;lexmark__x264h21g.xml
1;3972;lexmark__x340a11g.xml
1;3973;lexmark__x340a21g.xml
1;3974;lexmark__x340h22g.xml
1;3975;lexmark__12a4715.xml
1;3976;lexmark__12a4710.xml
1;3977;lexmark__12a3715.xml
1;3978;lexmark__12a3710.xml
1;3979;lexmark__12a7465.xml
1;3980;lexmark__12a7462.xml
1;3981;lexmark__12a7365.xml
1;3982;lexmark__12a7360.xml
1;3983;lexmark__12a7362.xml
1;3984;lexmark__12a7460.xml
1;3985;lexmark__12a7468.xml
1;3986;lexmark__x463x11g.xml
1;3987;lexmark__x463h11g.xml
1;3988;lexmark__x463a11g.xml
1;3989;lexmark__x463x21g.xml
1;3990;lexmark__x463h21g.xml
1;3991;lexmark__x463a21g.xml
1;3993;lexmark__0c500h2kg.xml
1;3994;lexmark__0c500h2cg.xml
1;3995;lexmark__0c500h2mg.xml
1;3996;lexmark__0c500h2yg.xml
1;3997;lexmark__0c500s2kg.xml
1;3998;lexmark__0c500s2cg.xml
1;3999;lexmark__0c500s2mg.xml
1;4000;lexmark__0c500s2yg.xml
1;4001;lexmark__0c500x27g.xml
1;4002;lexmark__20k1403.xml
1;4003;lexmark__20k0503.xml
1;4004;lexmark__20k1400.xml
1;4005;lexmark__20k0500.xml
1;4006;lexmark__20k1401.xml
1;4007;lexmark__20k0501.xml
1;4008;lexmark__20k1402.xml
1;4009;lexmark__20k0502.xml
1;4010;lexmark__20k0505.xml
1;4011;lexmark__20k0504.xml
1;4012;lexmark__c5220ks.xml
1;4013;lexmark__c5220cs.xml
1;4014;lexmark__c5220ms.xml
1;4015;lexmark__c5220ys.xml
1;4016;lexmark__c5222ks.xml
1;4017;lexmark__c5222cs.xml
1;4018;lexmark__c5222ms.xml
1;4019;lexmark__c5222ys.xml
1;4020;lexmark__c52025x.xml
1;4021;lexmark__c53030x.xml
1;4022;lexmark__c53034x.xml
1;4023;lexmark__c540h2kg.xml
1;4024;lexmark__c540h2cg.xml
1;4025;lexmark__c540h2mg.xml
1;4026;lexmark__c540h2yg.xml
1;4027;lexmark__c544x2cg.xml
1;4028;lexmark__c544x2mg.xml
1;4029;lexmark__c544x2yg.xml
1;4030;lexmark__c544x2kg.xml
1;4031;lexmark__c734a1kg.xml
1;4032;lexmark__c734a1cg.xml
1;4033;lexmark__c734a1mg.xml
1;4034;lexmark__c734a1yg.xml
1;4035;lexmark__c734a2kg.xml
1;4036;lexmark__c734a2cg.xml
1;4037;lexmark__c734a2mg.xml
1;4038;lexmark__c734a2yg.xml
1;4039;lexmark__c734x20g.xml
1;4040;lexmark__c734x77g.xml
1;4041;lexmark__c7700kh.xml
1;4042;lexmark__c7700ch.xml
1;4043;lexmark__c7700mh.xml
1;4044;lexmark__c7700yh.xml
1;4045;lexmark__c7700ks.xml
1;4046;lexmark__c7700cs.xml
1;4047;lexmark__c7700ms.xml
1;4048;lexmark__c7700ys.xml
1;4049;lexmark__c7702kh.xml
1;4050;lexmark__c7702ch.xml
1;4051;lexmark__c7702mh.xml
1;4052;lexmark__c7702yh.xml
1;4053;lexmark__c7702ks.xml
1;4054;lexmark__c7702ys.xml
1;4055;lexmark__c7702cs.xml
1;4056;lexmark__c7702ms.xml
1;4057;lexmark__c780h1kg.xml
1;4058;lexmark__c780a1kg.xml
1;4059;lexmark__c780h2kg.xml
1;4060;lexmark__c780a2kg.xml
1;4061;lexmark__c780h1cg.xml
1;4062;lexmark__c780h2cg.xml
1;4063;lexmark__c780a1cg.xml
1;4064;lexmark__c780a2cg.xml
1;4065;lexmark__c780h1mg.xml
1;4066;lexmark__c780a2mg.xml
1;4067;lexmark__c780a1mg.xml
1;4068;lexmark__c780h2mg.xml
1;4069;lexmark__c780a1yg.xml
1;4070;lexmark__c780a2yg.xml
1;4071;lexmark__c780h1yg.xml
1;4072;lexmark__c780h2yg.xml
1;4073;lexmark__12n0768.xml
1;4074;lexmark__12n0769.xml
1;4075;lexmark__12n0770.xml
1;4076;lexmark__12n0771.xml
1;4077;lexmark__12n0773.xml
1;4078;lexmark__12n0772.xml
1;4079;lexmark__c9202ch.xml
1;4080;lexmark__c9202mh.xml
1;4081;lexmark__c9202yh.xml
1;4082;lexmark__c9202kh.xml
1;4083;lexmark__c930h2kg.xml
1;4084;lexmark__c930h2cg.xml
1;4085;lexmark__c930h2mg.xml
1;4086;lexmark__c930h2yg.xml
1;4087;lexmark__c930x72g.xml
1;4088;lexmark__c930x73g.xml
1;4089;lexmark__c930x76g.xml
1;4090;lexmark__10b042k.xml
1;4091;lexmark__10b042c.xml
1;4092;lexmark__10b042m.xml
1;4093;lexmark__10b042y.xml
1;4094;lexmark__10b041k.xml
1;4095;lexmark__10b041c.xml
1;4096;lexmark__10b041m.xml
1;4097;lexmark__10b041y.xml
1;4098;lexmark__10b032c.xml
1;4099;lexmark__10b032m.xml
1;4100;lexmark__10b032y.xml
1;4101;lexmark__10b032k.xml
1;4102;lexmark__10b031y.xml
1;4103;lexmark__10b031m.xml
1;4104;lexmark__10b031k.xml
1;4105;lexmark__10b031c.xml
1;4106;hp__c4149a.xml
1;4107;hp__c4150a.xml
1;4108;hp__c4151a.xml
1;4109;hp__c4152a.xml
1;4110;hp__cb390a.xml
1;4111;hp__cb381a.xml
1;4112;hp__cb382a.xml
1;4113;hp__cb383a.xml
1;4114;hp__cb384a.xml
1;4115;hp__cb385a.xml
1;4116;hp__cb386a.xml
1;4117;hp__cb387a.xml
1;4118;hp__q6460a.xml
1;4119;hp__q6461a.xml
1;4120;hp__q6462a.xml
1;4121;hp__q6463a.xml
1;4122;hp__cb400a.xml
1;4123;hp__cb401a.xml
1;4124;hp__cb402a.xml
1;4125;hp__cb403a.xml
1;4126;hp__ce250a.xml
1;4127;hp__ce250x.xml
1;4128;hp__ce251a.xml
1;4129;hp__ce252a.xml
1;4130;hp__ce253a.xml
1;4131;hp__c8543x.xml
1;4132;hp__c3909a.xml
1;4133;hp__c3909x.xml
1;4134;hp__c9385ae.xml
1;4135;hp__c9396ae.xml
1;4136;hp__c9386ae.xml
1;4137;hp__c9391ae.xml
1;4138;hp__c9387ae.xml
1;4139;hp__c9388ae.xml
1;4140;hp__c9392ae.xml
1;4141;hp__c9393ae.xml
1;4142;hp__c5011ae.xml
1;4143;hp__c5010ae.xml
1;4144;hp__cb334ae.xml
1;4145;hp__cc653ae.xml
1;4146;hp__cc654ae.xml
1;4147;hp__cc656ae.xml
1;4148;hp__cd971ae.xml
1;4149;hp__cd975ae.xml
1;4150;hp__cd972ae.xml
1;4151;hp__cd973ae.xml
1;4152;hp__cd974ae.xml
1;4154;hp__cb335he.xml
1;4155;hp__cb336he.xml
1;4156;hp__cb337he.xml
1;4157;hp__cb338he.xml
1;4158;hp__c9362he.xml
1;4159;hp__c6615de.xml
1;4160;hp__c8765he.xml
1;4161;hp__51640ce.xml
1;4162;hp__51640me.xml
1;4163;hp__51640ye.xml
1;4165;hp__c1816a.xml
1;4167;hp__51625ae.xml
1;4169;hp__51626g.xml
1;4170;hp__51626ae.xml
1;4171;hp__c6615ne.xml
1;4172;hp__c6625ae.xml
1;4174;hp__cc640he.xml
1;4175;hp__cc641he.xml
1;4176;hp__cc643he.xml
1;4177;hp__cc644he.xml
1;4179;epson__c13s050198.xml
1;4180;epson__c13s050197.xml
1;4181;epson__c13s050195.xml
1;4182;epson__c13s050196.xml
1;4183;epson__c13s051105.xml
1;4184;epson__c13s050091.xml
1;4185;epson__c13s050090.xml
1;4186;epson__c13s050088.xml
1;4187;epson__c13s050089.xml
1;4188;epson__c13s050229.xml
1;4189;epson__c13s050228.xml
1;4190;epson__c13s050226.xml
1;4191;epson__c13s050227.xml
1;4192;epson__c13s051107.xml
1;4193;epson__c13s050033.xml
1;4194;epson__c13s050035.xml
1;4195;epson__c13s050036.xml
1;4196;epson__c13s050034.xml
1;4197;epson__c13s051072.xml
1;4198;epson__c13s050037.xml
1;4199;epson__c13s050190.xml
1;4200;epson__c13s050189.xml
1;4201;epson__c13s050187.xml
1;4202;epson__c13s050188.xml
1;4203;epson__c13s051104.xml
1;4204;epson__c13s050193.xml
1;4205;epson__c13s050192.xml
1;4206;epson__c13s050191.xml
1;4207;epson__c13s050319.xml
1;4208;epson__c13s050318.xml
1;4209;epson__c13s050317.xml
1;4210;epson__c13s050316.xml
1;4211;samsung__scx-d4200a.xml
1;4212;samsung__scx-4521d3.xml
1;4213;samsung__scx-d4725a.xml
1;4214;samsung__mlt-d209s.xml
1;4215;samsung__mlt-d209l.xml
1;4216;samsung__mlt-d105s.xml
1;4217;samsung__mlt-d105l.xml
1;4218;samsung__mlt-d109s.xml
1;4219;samsung__ml-d1630a.xml
1;4220;samsung__clt-k409s.xml
1;4221;samsung__clt-c409s.xml
1;4222;samsung__clt-m409s.xml
1;4223;samsung__clt-y409s.xml
1;4224;samsung__clt-r409.xml
1;4225;samsung__clp-r300a.xml
1;4226;samsung__clp-k300a.xml
1;4227;samsung__clp-c300a.xml
1;4228;samsung__clp-m300a.xml
1;4229;samsung__clp-y300a.xml
1;4230;samsung__clp-k600a.xml
1;4231;samsung__clp-c600a.xml
1;4232;samsung__clp-m600a.xml
1;4233;samsung__clp-y600a.xml
1;4234;samsung__clp-k350a.xml
1;4235;samsung__clp-c350a.xml
1;4236;samsung__clp-m350a.xml
1;4237;samsung__clp-y350a.xml
1;4238;samsung__clp-r350a.xml
1;4239;samsung__clp-500d7k.xml
1;4240;samsung__clp-500d5c.xml
1;4241;samsung__clp-500d5y.xml
1;4242;samsung__clp-500d5m.xml
1;4243;samsung__clp-500rb.xml
1;4244;samsung__clp-510d3k.xml
1;4245;samsung__clp-510d7k.xml
1;4246;samsung__clp-510d2c.xml
1;4247;samsung__clp-510d5c.xml
1;4248;samsung__clp-510d2y.xml
1;4249;samsung__clp-510d5y.xml
1;4250;samsung__clp-510d5m.xml
1;4251;samsung__clp-510d2m.xml
1;4252;samsung__clp-510rb.xml
1;4253;xerox__106r01305.xml
1;4271;epson__c13t544800.xml
1;4272;epson__c13t565200.xml
1;4273;epson__c13t565300.xml
1;4274;epson__c13t565400.xml
1;4275;epson__c13t565500.xml
1;4276;epson__c13t565600.xml
1;4277;epson__c13t565700.xml
1;4278;epson__c13t565100.xml
1;4279;epson__c13t565900.xml
1;4280;epson__c13t566800.xml
1;4281;epson__c13t562100.xml
1;4282;epson__c13t562700.xml
1;4283;epson__c13t562200.xml
1;4284;epson__c13t562400.xml
1;4285;epson__c13t562500.xml
1;4286;epson__c13t562600.xml
1;4287;epson__c13t562900.xml
1;4288;epson__c13t562300.xml
1;4300;hp__ce255a.xml
1;4301;hp__ce255x.xml
1;4302;hp__ce278a.xml
1;4303;canon__ep-32.xml
1;4309;epson__c13t544100.xml
1;4310;epson__c13t544200.xml
1;4311;epson__c13t544300.xml
1;4312;epson__c13t544400.xml
1;4313;epson__c13t544500.xml
1;4314;epson__c13t544600.xml
1;4315;epson__c13t544700.xml
1;4316;xerox__109r00522.xml
1;4317;hp__c5054a.xml
1;4318;hp__c5055a.xml
1;4319;hp__c5056a.xml
1;4320;hp__c5057a.xml
1;4321;hp__92298a.xml
1;4322;hp__92298x.xml
1;4323;hp__c4127d.xml
1;4324;hp__c8061d.xml
1;4325;hp__q1338d.xml
1;4326;hp__c4153a.xml
1;4327;hp__c8550a.xml
1;4328;hp__c8551a.xml
1;4329;hp__c8552a.xml
1;4330;hp__c8553a.xml
1;4331;hp__c8560a.xml
1;4332;hp__c8561a.xml
1;4333;hp__c8562a.xml
1;4334;hp__c8563a.xml
1;4335;hp__ce285a.xml
1;4336;hp__ce310a.xml
1;4337;hp__ce311a.xml
1;4338;hp__ce312a.xml
1;4339;hp__ce313a.xml
1;4340;hp__ce260a.xml
1;4341;hp__ce260x.xml
1;4342;hp__ce261a.xml
1;4343;hp__ce262a.xml
1;4344;hp__ce263a.xml
1;4345;hp__ce740a.xml
1;4346;hp__ce741a.xml
1;4347;hp__ce742a.xml
1;4348;hp__ce743a.xml
1;4349;hp__q3985a.xml
1;4350;hp__ce270a.xml
1;4351;hp__ce271a.xml
1;4352;hp__ce272a.xml
1;4353;hp__ce273a.xml
1;4354;hp__cb380a.xml
1;4355;hp__q3984a.xml
1;4356;hp__c9736a.xml
1;4357;hp__c9735a.xml
1;4358;hp__cb463a.xml
1;4359;hp__c4156a.xml
1;4360;hp__c4154a.xml
1;4361;hp__q7570a.xml
1;4362;hp__q7832a.xml
1;4363;hp__q7833a.xml
1;4364;canon__3484b002.xml
1;4365;canon__3479b002.xml
1;4366;canon__3480b002.xml
1;4367;hp__cf280a.xml
1;4368;hp__cf280x.xml
1;4369;hp__cf280xd.xml
1;4370;hp__rm1-8809-000cn.xml
1;4371;hp__ce320a.xml
1;4372;hp__ce320ad.xml
1;4373;hp__ce321a.xml
1;4374;hp__ce322a.xml
1;4375;hp__ce323a.xml
1;4376;hp__rm1-4431-000cn.xml
1;4377;hp__c8092a.xml
1;4378;hp__ce255xd.xml
1;4379;hp__q7432a.xml
1;4380;hp__ce390a.xml
1;4381;hp__ce390x.xml
1;4382;hp__ce390xd.xml
1;4383;hp__rm1-8396-270cn.xml
1;4384;hp__q3216a.xml
1;4385;hp__rm1-6319-000cn.xml
1;4386;hp__rm1-8508-000cn.xml
1;4387;hp__ce249a.xml
1;4388;hp__ce247a.xml
1;4389;kyocera__tk-3130.xml
1;4391;kyocera__tk-3110.xml
1;4394;kyocera__tk-3150.xml
1;4395;kyocera__dk-3150.xml
1;4397;kyocera__tk-3100.xml
1;4399;xerox__006r01046.xml
1;4400;xerox__106r01596.xml
1;4401;xerox__106r01595.xml
1;4402;xerox__106r01594.xml
1;4403;xerox__106r01593.xml
1;4404;xerox__106r01592.xml
1;4405;xerox__106r01591.xml
1;4406;xerox__109r00752.xml
1;4407;xerox__006r01551.xml
1;4408;xerox__008r12896.xml
1;4409;xerox__109r00751.xml
1;4410;xerox__113r00673.xml
1;4411;xerox__113r00607.xml
1;4412;xerox__006r01146.xml
1;4413;xerox__109r00772.xml
1;4414;xerox__106r01597.xml
1;4415;xerox__604k64592.xml
1;4416;xerox__676k05360.xml
1;4417;xerox__106r01452.xml
1;4418;xerox__106r01453.xml
1;4419;xerox__106r01454.xml
1;4420;xerox__106r01455.xml
1;4421;xerox__675k65665.xml
1;4422;xerox__106r01477.xml
1;4423;xerox__106r01478.xml
1;4424;xerox__106r01479.xml
1;4425;xerox__106r01480.xml
1;4427;xerox__006r01552.xml
1;4428;kyocera__tk-1140.xml
1;4429;kyocera__dk-170.xml
1;4433;kyocera__tk-170.xml
1;4436;kyocera__dk-150.xml
1;4437;kyocera__tk-1130.xml
1;4438;kyocera__tk-160.xml
1;4440;kyocera__tk-130.xml
1;4441;kyocera__tk-140.xml
1;4442;kyocera__dk-130.xml
1;4447;kyocera__tk-1100.xml
1;4451;hp__ce505xd.xml
1;4453;hp__cf219a.xml
1;4454;hp__cf226a.xml
1;4455;hp__cf226x.xml
1;4456;hp__cb435ad.xml
1;4460;hp__ce285l.xml
1;4461;hp__cf287a.xml
1;4462;hp__cf287x.xml
1;4463;hp__cf214a.xml
1;4464;hp__cf214x.xml
1;4465;hp__cc364xd.xml
1;4466;hp__cf281a.xml
1;4467;hp__cf281x.xml
1;4468;hp__cf283a.xml
1;4469;hp__cf283ad.xml
1;4470;hp__cf283x.xml
1;4471;lexmark__62d1000.xml
1;4472;lexmark__62d1h00.xml
1;4473;lexmark__62d1x00.xml
1;4474;lexmark__52d0z00.xml
1;4475;lexmark__25a0013.xml
1;4476;lexmark__52d0hal.xml
1;4478;lexmark__52d0xal.xml
1;4479;lexmark__52d5000.xml
1;4480;lexmark__52d5h00.xml
1;4481;lexmark__52d0ha0.xml
1;4482;lexmark__52d5x00.xml
1;4485;xerox__006r01182.xml
1;4486;xerox__006r01184.xml
1;4487;xerox__008r12915.xml
1;4488;xerox__006r01461.xml
1;4489;xerox__006r01464.xml
1;4490;xerox__006r01463.xml
1;4491;xerox__006r01462.xml
1;4492;xerox__008r13088.xml
1;4493;xerox__013r00657.xml
1;4494;xerox__013r00658.xml
1;4495;xerox__013r00659.xml
1;4496;xerox__013r00660.xml
1;4497;xerox__008r13089.xml
1;4498;xerox__006r01509.xml
1;4499;xerox__006r01512.xml
1;4500;xerox__006r01511.xml
1;4501;xerox__006r01510.xml
1;4502;xerox__006r01513.xml
1;4503;xerox__006r01516.xml
1;4504;xerox__006r01515.xml
1;4505;xerox__006r01514.xml
1;4506;xerox__006r01517.xml
1;4507;xerox__006r01518.xml
1;4508;xerox__006r01519.xml
1;4509;xerox__006r01520.xml
1;4510;xerox__008r13061.xml
1;4511;xerox__013r00662.xml
1;4512;xerox__006r01160.xml
1;4513;xerox__013r00591.xml
1;4514;xerox__106r02721.xml
1;4515;xerox__106r02723.xml
1;4516;xerox__106r02732.xml
1;4517;xerox__113r00773.xml
1;4518;xerox__106r02606.xml
1;4519;xerox__106r02607.xml
1;4520;xerox__106r02604.xml
1;4521;xerox__106r02609.xml
1;4522;xerox__106r02610.xml
1;4523;xerox__106r02611.xml
1;4524;xerox__106r02612.xml
1;4525;lexmark__c746h1kg.xml
1;4526;lexmark__c746a1cg.xml
1;4527;lexmark__c746a1mg.xml
1;4528;lexmark__c746a1yg.xml
1;4529;lexmark__c746h2kg.xml
1;4530;lexmark__c746a2cg.xml
1;4531;lexmark__c746a2mg.xml
1;4532;lexmark__c746a2yg.xml
1;4533;lexmark__c734x24g.xml
1;4534;xerox__106r02738.xml
1;4535;xerox__106r02740.xml
1;4536;xerox__106r02736.xml
1;4537;xerox__106r02599.xml
1;4538;xerox__106r02600.xml
1;4539;xerox__106r02601.xml
1;4540;xerox__106r02605.xml
1;4541;xerox__106r02602.xml
1;4542;xerox__106r02603.xml
1;4543;xerox__108r01148.xml
1;4544;xerox__108r01151.xml
1;4545;xerox__106r02624.xml
1;4547;xerox__109r00724.xml
1;4548;xerox__113r00608.xml
1;4549;xerox__113r00672.xml
1;4550;xerox__113r00610.xml
1;4552;xerox__109r00773.xml
1;4553;xerox__106r02608.xml
1;4554;xerox__109r00846.xml
1;4555;xerox__006r01270.xml
1;4556;xerox__006r01271.xml
1;4557;xerox__006r01272.xml
1;4558;xerox__006r01273.xml
1;4559;xerox__006r01319.xml
1;4560;xerox__008r13021.xml
1;4561;xerox__013r00636.xml
1;4562;xerox__008r13023.xml
1;4563;xerox__006r01175.xml
1;4564;xerox__006r01176.xml
1;4565;xerox__006r01177.xml
1;4566;xerox__006r01178.xml
1;4567;xerox__013r00624.xml
1;4568;xerox__008r13028.xml
1;4569;xerox__008r12903.xml
1;4570;xerox__008r13056.xml
1;4571;xerox__008r13055.xml
1;4572;xerox__013r00588.xml
1;4573;xerox__108r00656.xml
1;4574;xerox__108r00657.xml
1;4575;xerox__108r00660.xml
1;4576;xerox__108r00661.xml
1;4577;xerox__108r00662.xml
1;4578;xerox__108r00663.xml
1;4579;xerox__108r00664.xml
1;4580;xerox__113r00195.xml
1;4581;xerox__109r00049.xml
1;4582;xerox__108r00158.xml
1;4597;xerox__008r12934.xml
1;4598;xerox__008r13045.xml
1;4599;xerox__006r01267.xml
1;4600;xerox__006r01268.xml
1;4601;xerox__006r01269.xml
1;4602;xerox__006r01318.xml
1;4603;xerox__109r00634.xml
1;4604;xerox__006r01457.xml
1;4605;xerox__006r01458.xml
1;4606;xerox__006r01459.xml
1;4607;xerox__006r01460.xml
1;4617;xerox__106r01410.xml
1;4618;xerox__113r00755.xml
1;4620;kyocera__tk-5150k.xml
1;4621;kyocera__tk-5150c.xml
1;4622;kyocera__tk-5150y.xml
1;4623;kyocera__tk-5150m.xml
1;4630;kyocera__tk-5140k.xml
1;4631;kyocera__tk-5140m.xml
1;4632;kyocera__tk-5140y.xml
1;4633;kyocera__tk-5140c.xml
1;4639;kyocera__tk-5160k.xml
1;4640;kyocera__tk-5160c.xml
1;4641;kyocera__tk-5160y.xml
1;4642;kyocera__tk-5160m.xml
1;4648;samsung__mlt-d103s.xml
1;4649;samsung__mlt-d103l.xml
1;4650;hp__ce400a.xml
1;4651;hp__ce400x.xml
1;4652;hp__ce401a.xml
1;4653;hp__ce402a.xml
1;4654;hp__ce403a.xml
1;4655;hp__ce254a.xml
1;4656;hp__ce506a.xml
1;4657;hp__ce250xd.xml
1;4658;hp__cf360a.xml
1;4659;hp__cf360x.xml
1;4660;hp__cf361a.xml
1;4661;hp__cf361x.xml
1;4662;hp__cf362a.xml
1;4663;hp__cf362x.xml
1;4664;hp__cf363a.xml
1;4665;hp__cf363x.xml
1;4666;hp__b5l36a.xml
1;4667;hp__b5l37a.xml
1;4668;hp__cf325x.xml
1;4669;hp__c2h57a.xml
1;4670;hp__cf210a.xml
1;4671;hp__cf210x.xml
1;4672;hp__cf211a.xml
1;4673;hp__cf212a.xml
1;4674;hp__cf213a.xml
1;4675;xerox__106r02775.xml
1;4676;xerox__106r02777.xml
1;4677;xerox__101r00474.xml
1;4678;xerox__106r02756.xml
1;4679;xerox__106r02757.xml
1;4680;xerox__106r02758.xml
1;4681;xerox__106r02759.xml
1;4682;xerox__106r03620.xml
1;4683;xerox__106r03622.xml
1;4684;xerox__106r03624.xml
1;4685;xerox__101r00555.xml
1;4686;xerox__106r03473.xml
1;4687;xerox__106r03474.xml
1;4688;xerox__106r03475.xml
1;4689;xerox__106r03476.xml
1;4690;xerox__106r03477.xml
1;4691;xerox__106r03478.xml
1;4692;xerox__106r03479.xml
1;4693;xerox__106r03480.xml
1;4694;xerox__106r03690.xml
1;4695;xerox__106r03691.xml
1;4696;xerox__106r03692.xml
1;4697;xerox__108r01416.xml
1;4698;xerox__108r01417.xml
1;4699;xerox__108r01418.xml
1;4700;xerox__108r01419.xml
1;4701;xerox__108r01420.xml
1;4702;xerox__106r02305.xml
1;4703;xerox__106r02307.xml
1;4704;xerox__106r02225.xml
1;4705;xerox__106r02226.xml
1;4706;xerox__106r02227.xml
1;4707;xerox__106r02228.xml
1;4708;xerox__106r02241.xml
1;4709;xerox__106r02242.xml
1;4710;xerox__106r02243.xml
1;4711;xerox__106r02244.xml
1;4712;xerox__108r01121.xml
1;4713;xerox__108r01124.xml
1;4714;xerox__115r00076.xml
1;4715;xerox__108r01122.xml
1;4716;xerox__108r00926.xml
1;4717;xerox__108r00927.xml
1;4718;xerox__108r00928.xml
1;4719;xerox__108r00929.xml
1;4720;xerox__108r00930.xml
1;4721;xerox__109r00754.xml
1;4722;xerox__106r01533.xml
1;4723;xerox__106r01535.xml
1;4724;xerox__106r02638.xml
1;4725;xerox__113r00762.xml
1;4726;xerox__113r00769.xml
1;4727;xerox__106r01503.xml
1;4728;xerox__106r01504.xml
1;4729;xerox__106r01505.xml
1;4730;xerox__106r01506.xml
1;4731;xerox__106r01507.xml
1;4732;xerox__106r01508.xml
1;4733;xerox__106r01509.xml
1;4734;xerox__106r01510.xml
1;4735;xerox__108r00971.xml
1;4736;xerox__108r00972.xml
1;4737;xerox__108r00973.xml
1;4738;xerox__108r00974.xml
1;4739;xerox__108r00975.xml
1;4740;xerox__008r12964.xml
1;4741;xerox__126k32220.xml
1;4742;xerox__108r00950.xml
1;4743;xerox__108r00951.xml
1;4744;xerox__108r00952.xml
1;4745;xerox__108r00953.xml
1;4746;xerox__106r01433.xml
1;4747;xerox__106r01434.xml
1;4748;xerox__106r01435.xml
1;4749;xerox__106r01436.xml
1;4750;xerox__106r01437.xml
1;4751;xerox__106r01438.xml
1;4752;xerox__106r01439.xml
1;4753;xerox__108r00861.xml
1;4754;xerox__108r00865.xml
1;4755;xerox__115r00061.xml
1;4756;xerox__106r01563.xml
1;4757;xerox__106r01564.xml
1;4758;xerox__106r01565.xml
1;4759;xerox__106r01566.xml
1;4760;xerox__106r01567.xml
1;4761;xerox__106r01568.xml
1;4762;xerox__106r01569.xml
1;4763;xerox__106r01582.xml
1;4764;xerox__108r00982.xml
1;4765;xerox__008r12897.xml
1;4766;xerox__008r12925.xml
1;4767;xerox__115r00073.xml
1;4768;xerox__604k64582.xml
1;4769;xerox__106r02309.xml
1;4770;xerox__106r02311.xml
1;4771;xerox__106r02313.xml
1;4772;xerox__008r12941.xml
1;4773;xerox__108r00990.xml
1;4774;xerox__108r00991.xml
1;4775;xerox__108r00992.xml
1;4776;xerox__108r00993.xml
1;4777;xerox__108r00994.xml
1;4778;xerox__108r00823.xml
1;4779;xerox__106r02744.xml
1;4780;xerox__106r02745.xml
1;4781;xerox__106r02746.xml
1;4782;xerox__106r02747.xml
1;4783;xerox__115r00088.xml
1;4784;xerox__106r03104.xml
1;4785;xerox__106r02734.xml
1;4786;xerox__106r03102.xml
1;4787;xerox__113r00776.xml
1;4788;xerox__108r01014.xml
1;4789;xerox__108r01015.xml
1;4790;xerox__108r01016.xml
1;4791;xerox__108r01017.xml
1;4792;hp__cf410a.xml
1;4793;hp__cf410x.xml
1;4794;hp__cf411a.xml
1;4795;hp__cf411x.xml
1;4796;hp__cf412a.xml
1;4797;hp__cf412x.xml
1;4798;hp__cf413a.xml
1;4799;hp__cf413x.xml
1;4800;hp__cf230a.xml
1;4801;hp__cf230x.xml
1;4802;hp__cf232a.xml
1;4803;kyocera__tk-18.xml
1;4804;kyocera__tk-475.xml
1;4828;samsung__mlt-d203s.xml
1;4829;samsung__mlt-d203l.xml
1;4830;samsung__mlt-d203e.xml
1;4831;samsung__ml-d3050a.xml
1;4832;samsung__ml-d3050b.xml
1;4833;samsung__scx-d5530b.xml
1;4834;kyocera__tk-1150.xml
1;4835;kyocera__dk-1150.xml
1;4854;toshiba__d-fc30-m.xml
1;4855;toshiba__d-fc30-k.xml
1;4856;toshiba__d-fc30-c.xml
1;4857;toshiba__d-fc30-y.xml
1;4861;hp__cf382a.xml
1;4862;hp__cf381a.xml
1;4863;hp__cf383a.xml
1;4864;hp__cf380a.xml
1;4865;hp__cf380x.xml
1;4866;hp__cf400a.xml
1;4867;hp__cf400x.xml
1;4868;hp__cf401x.xml
1;4869;hp__cf401a.xml
1;4870;hp__cf402x.xml
1;4871;hp__cf402a.xml
1;4872;hp__cf403a.xml
1;4873;hp__cf403x.xml
1;4882;hp__ce410a.xml
1;4883;hp__ce410x.xml
1;4884;hp__ce412a.xml
1;4885;hp__ce413a.xml
1;4886;hp__ce411a.xml
1;4887;hp__cf254a.xml
1;4902;samsung__mlt-d115l.xml
1;4903;samsung__clt-k406s.xml
1;4904;samsung__clt-c406s.xml
1;4905;samsung__clt-m406s.xml
1;4906;samsung__clt-y406s.xml
1;4907;samsung__clt-w406.xml
1;4908;samsung__clt-r406.xml
1;4909;kyocera__tk-6305.xml
1;4910;kyocera__wt-860.xml
1;4923;kyocera__tk-435.xml
1;4924;hp__cz192a.xml
1;4925;hp__cf237a.xml
1;4926;hp__cf237x.xml
1;4927;hp__cf237y.xml
1;4928;brother__tn-241bk.xml
1;4929;brother__tn-241c.xml
1;4930;brother__tn-241m.xml
1;4931;brother__tn-241y.xml
1;4932;brother__wt-220cl.xml
1;4933;brother__tn-245c.xml
1;4934;brother__tn-245y.xml
1;4935;brother__tn-245m.xml
1;4936;brother__tn-2210.xml
1;4937;brother__tn-2220.xml
1;4938;brother__dr-2200.xml
1;4939;samsung__clt-k503l.xml
1;4940;samsung__clt-y503l.xml
1;4941;samsung__clt-c503l.xml
1;4942;samsung__clt-m503l.xml
1;4943;samsung__mlt-d205s.xml
1;4944;samsung__mlt-d205l.xml
1;4945;samsung__clt-k809s.xml
1;4946;samsung__clt-c809s.xml
1;4947;samsung__clt-m809s.xml
1;4948;samsung__clt-y809s.xml
1;4949;samsung__clt-k504s.xml
1;4950;samsung__clt-c504s.xml
1;4951;samsung__clt-m504s.xml
1;4952;samsung__clt-y504s.xml
1;4953;samsung__clt-k606s.xml
1;4954;samsung__clt-c607s.xml
1;4955;samsung__clt-m607s.xml
1;4956;samsung__clt-y607s.xml
1;4957;samsung__mlt-d709s.xml
1;4958;samsung__mlt-r709.xml
1;4959;brother__tn-321bk.xml
1;4960;brother__tn-321m.xml
1;4961;brother__tn-321c.xml
1;4962;brother__tn-321y.xml
1;4964;samsung__clt-r607k.xml
1;4965;samsung__clt-r607c.xml
1;4966;samsung__clt-r607m.xml
1;4967;samsung__clt-r607y.xml
1;4968;brother__dr321cl.xml
1;4969;hp__cf350a.xml
1;4970;hp__cf351a.xml
1;4971;hp__cf352a.xml
1;4972;hp__cf353a.xml
1;4973;hp__ce314a.xml
1;4974;brother__tn-3330.xml
1;4975;brother__tn-3380.xml
1;4976;brother__dr-3300.xml
1;4977;kyocera__tk-895c.xml
1;4978;kyocera__tk-895m.xml
1;4979;kyocera__tk-895y.xml
1;4980;kyocera__tk-895k.xml
1;4981;hp__cz129a.xml
1;4982;hp__cz133a.xml
1;4983;hp__cz130a.xml
1;4984;hp__cz131a.xml
1;4985;hp__cz132a.xml
1;4986;hp__p2v31a.xml
1;4989;xerox__006r01238.xml
1;4990;xerox__001r00583.xml
1;4991;xerox__008r13014.xml
1;4993;xerox__106r03396.xml
1;4994;xerox__113r00779.xml
1;4996;hp__cf300a.xml
1;4997;hp__cf301a.xml
1;4998;hp__cf302a.xml
1;4999;hp__cf303a.xml
1;5000;hp__cf358a.xml
1;5001;hp__cf359a.xml
1;5002;hp__cf364a.xml
1;5003;hp__cf365a.xml
1;5004;hp__c1n58a.xml
1;5005;hp__d7h14a.xml
1;5006;hp__ce978a.xml
1;5007;hp__ce516a.xml
1;5008;hp__ce980a.xml
1;5009;hp__cf530a.xml
1;5010;hp__cf531a.xml
1;5011;hp__cf532a.xml
1;5012;hp__cf533a.xml
1;5013;hp__cf540a.xml
1;5014;hp__cf541a.xml
1;5015;hp__cf542a.xml
1;5016;hp__cf543a.xml
1;5017;hp__cf540x.xml
1;5018;hp__cf541x.xml
1;5019;hp__cf542x.xml
1;5020;hp__cf543x.xml
1;5021;hp__c1q15a.xml
1;5022;hp__c1q16a.xml
1;5023;hp__c1q14a.xml
1;5024;hp__c1q13a.xml
1;5025;hp__c1q18a.xml
1;5026;hp__c1q17a.xml
1;5027;hp__b3p06a.xml
1;5028;kyocera__tk-8600k.xml
1;5029;kyocera__tk-8600y.xml
1;5030;kyocera__tk-8600m.xml
1;5031;kyocera__tk-8600c.xml
1;5032;kyocera__tk-1170.xml
1;5033;kyocera__tk-1160.xml
1;5034;kyocera__tk-350.xml
1;5036;kyocera__fk-350.xml
1;5038;kyocera__tk-360.xml
1;5039;kyocera__dv-360.xml
1;5040;kyocera__tk-725.xml
1;5042;kyocera__tk-8505k.xml
1;5043;kyocera__tk-8505c.xml
1;5044;kyocera__tk-8505y.xml
1;5045;kyocera__tk-8505m.xml
1;5052;kyocera__tk-6705.xml
1;5053;kyocera__wt-861.xml
1;5059;xerox__106r03508.xml
1;5060;xerox__106r03510.xml
1;5061;xerox__106r03509.xml
1;5062;xerox__106r03511.xml
1;5063;xerox__106r03520.xml
1;5064;xerox__106r03522.xml
1;5065;xerox__106r03523.xml
1;5066;xerox__106r03521.xml
1;5067;xerox__106r03532.xml
1;5068;xerox__106r03534.xml
1;5069;xerox__106r03535.xml
1;5070;xerox__106r03533.xml
1;5071;xerox__115r00089.xml
1;5072;xerox__106r03581.xml
1;5073;xerox__106r03583.xml
1;5074;xerox__106r03585.xml
1;5075;xerox__101r00554.xml
1;5076;xerox__115r00120.xml
1;5077;xerox__106r03941.xml
1;5078;xerox__106r03943.xml
1;5079;xerox__106r03945.xml
1;5080;xerox__101r00582.xml
1;5081;xerox__106r03745.xml
1;5082;xerox__106r03746.xml
1;5083;xerox__106r03747.xml
1;5084;xerox__106r03748.xml
1;5085;xerox__113r00780.xml
1;5086;xerox__108r00840.xml
1;5087;xerox__108r00837.xml
1;5088;xerox__108r00838.xml
1;5089;xerox__108r00839.xml
1;5090;xerox__108r00989.xml
1;5248;hp__j3m71a.xml
1;5249;hp__j3m70a.xml
1;5250;hp__j3m69a.xml
1;5251;hp__j3m68a.xml
1;5252;hp__l0r12a.xml
1;5253;hp__l0r11a.xml
1;5254;hp__l0r10a.xml
1;5255;hp__l0r09a.xml
1;5256;hp__l0r13a.xml
1;5257;hp__l0r14a.xml
1;5258;hp__l0r15a.xml
1;5259;hp__l0r16a.xml
1;5260;hp__d8j10a.xml
1;5261;hp__d8j07a.xml
1;5262;hp__d8j08a.xml
1;5263;hp__d8j09a.xml
1;5264;hp__b5l09a.xml
1;5265;kyocera__tk-70.xml
1;5266;kyocera__dk-701.xml
1;5272;oki__43837136.xml
1;5273;oki__43837135.xml
1;5274;oki__43837134.xml
1;5275;oki__43837133.xml
1;5276;oki__42918105.xml
1;5277;oki__42918106.xml
1;5278;oki__42918107.xml
1;5279;oki__42918108.xml
1;5280;oki__42931703.xml
1;5281;oki__42869403.xml
1;5282;oki__42918964.xml
1;5283;oki__42918961.xml
1;5284;oki__42918962.xml
1;5285;oki__42918963.xml
1;5286;brother__dr-3400.xml
1;5287;brother__tn-3512.xml
1;5288;brother__tn-3480.xml
1;5289;brother__tn-3430.xml
1;5290;brother__tn-3520.xml
1;5291;brother__dr-421cl.xml
1;5292;brother__tn-910bk.xml
1;5293;brother__tn-910c.xml
1;5294;brother__tn-910m.xml
1;5295;brother__tn-910y.xml
1;5296;brother__bu-330cl.xml
1;5297;brother__wt-320cl.xml
1;5298;brother__tn-421bk.xml
1;5299;brother__tn-421c.xml
1;5300;brother__tn-421m.xml
1;5301;brother__tn-421y.xml
1;5302;brother__tn-423bk.xml
1;5303;brother__tn-423c.xml
1;5304;brother__tn-423y.xml
1;5305;brother__tn-423m.xml
1;5337;hp__b3p23a.xml
1;5338;hp__b3p22a.xml
1;5339;hp__b3p19a.xml
1;5340;hp__b3p21a.xml
1;5341;hp__b3p20a.xml
1;5342;hp__b3p24a.xml
1;5343;hp__c1q12a.xml
1;5344;hp__f9j80a.xml
1;5345;hp__f9j76a.xml
1;5346;hp__c1q11a.xml
1;5347;hp__f9j77a.xml
1;5348;hp__f9j78a.xml
1;5349;hp__f9j79a.xml
1;5358;kyocera__tk-590k.xml
1;5359;kyocera__tk-590c.xml
1;5360;kyocera__tk-590m.xml
1;5361;kyocera__tk-590y.xml
1;5362;kyocera__wt-590.xml
1;5363;kyocera__tk-580k.xml
1;5364;kyocera__tk-580c.xml
1;5365;kyocera__tk-580y.xml
1;5366;kyocera__tk-580m.xml
1;5375;brother__tn-900bk.xml
1;5376;brother__tn-900c.xml
1;5377;brother__tn-900y.xml
1;5378;brother__tn-900m.xml
1;5379;brother__dr-321cl.xml
1;5380;brother__bu-320cl.xml
1;5381;kyocera__tk-6115.xml
1;5382;kyocera__dk-6115.xml
1;5423;lexmark__84c0h10.xml
1;5424;lexmark__84c0h20.xml
1;5425;lexmark__84c0h30.xml
1;5426;lexmark__84c0h40.xml
1;5427;lexmark__74c0z10.xml
1;5428;lexmark__74c0z50.xml
1;5429;lexmark__74c0w00.xml
1;5430;lexmark__74c0h10.xml
1;5431;lexmark__74c0s20.xml
1;5432;lexmark__74c0s30.xml
1;5433;lexmark__74c0s40.xml
1;5434;lexmark__75b0010.xml
1;5435;lexmark__75b0020.xml
1;5436;lexmark__75b0030.xml
1;5437;lexmark__75b0040.xml
1;5438;lexmark__74c0h20.xml
1;5439;lexmark__74c0h40.xml
1;5440;lexmark__74c0h30.xml
1;5441;hp__l0r95ae.xml
1;5442;hp__f6t77ae.xml
1;5443;hp__f6t78ae.xml
1;5444;hp__f6t79ae.xml
1;5445;hp__l0s07ae.xml
1;5446;hp__f6t81ae.xml
1;5447;hp__f6t82ae.xml
1;5448;hp__f6t83ae.xml
1;5457;hp__l0s58ae.xml
1;5458;hp__l0s70ae.xml
1;5459;hp__l0r40ae.xml
1;5460;hp__f6u12ae.xml
1;5461;hp__f6u13ae.xml
1;5462;hp__f6u14ae.xml
1;5463;hp__f6u16ae.xml
1;5464;hp__f6u17ae.xml
1;5465;hp__f6u18ae.xml
1;5466;epson__c13t858100.xml
1;5467;epson__c13t858300.xml
1;5468;epson__c13t858400.xml
1;5469;epson__c13t858200.xml
1;5470;epson__c13t671300.xml
1;5471;epson__c13t865140.xml
1;5472;epson__c13t671000.xml
1;5473;epson__c13t878240.xml
1;5474;epson__c13t838240.xml
1;5475;epson__c13t878440.xml
1;5476;epson__c13t838440.xml
1;5477;epson__c13t878340.xml
1;5478;epson__c13t838340.xml
1;5479;epson__c13t878140.xml
1;5480;epson__c13t838140.xml
1;5481;kyocera__tk-5270k.xml
1;5482;kyocera__tk-5270c.xml
1;5483;kyocera__tk-5270m.xml
1;5484;kyocera__tk-5270y.xml
1;5485;samsung__clt-m506s.xml
1;5486;samsung__clt-c506l.xml
1;5487;samsung__clt-k506l.xml
1;5488;samsung__clt-m506l.xml
1;5489;samsung__clt-y506l.xml
1;5490;samsung__clt-y506s.xml
1;5491;samsung__clt-c506s.xml
1;5492;samsung__clt-k506s.xml
1;5496;samsung__clt-c508l.xml
1;5497;samsung__clt-c508s.xml
1;5498;samsung__clt-k508s.xml
1;5499;samsung__clt-k508l.xml
1;5500;samsung__clt-m508s.xml
1;5501;samsung__clt-m508l.xml
1;5502;samsung__clt-y508l.xml
1;5503;samsung__clt-y508s.xml
1;5504;samsung__clt-w606.xml
1;5505;epson__c13t671600.xml
1;5506;epson__c13t945440.xml
1;5507;epson__c13t945240.xml
1;5508;epson__c13t945340.xml
1;5509;epson__c13t945140.xml
1;5510;epson__c13t944240.xml
1;5511;epson__c13t944440.xml
1;5512;epson__c13t944340.xml
1;5513;epson__c13t944140.xml
1;5514;epson__c13t946140.xml
1;5515;samsung__mlt-d208s.xml
1;5516;samsung__mlt-d208l.xml
1;5517;oki__45807102.xml
1;5518;oki__45807106.xml
1;5519;oki__45807111.xml
1;5520;oki__44574302.xml
1;5521;samsung__mlt-d305l.xml
1;5522;samsung__jc91-01024a.xml
1;5523;kyocera__tk-7225.xml
1;5527;kyocera__tk-7125.xml
1;5528;lexmark__60f1000.xml
1;5529;lexmark__60f1h00.xml
1;5530;lexmark__60f0xa0.xml
1;5531;lexmark__50f0za0.xml
1;5532;lexmark__40x8024.xml
1;5533;lexmark__60f5x00.xml
1;5551;brother__tn-04bk.xml
1;5552;brother__tn-04c.xml
1;5553;brother__tn-04m.xml
1;5554;brother__tn-04y.xml
1;5555;brother__fp-4cl.xml
1;5556;brother__wt-4cl.xml
1;5557;brother__op-4cl.xml
1;5574;lexmark__e450a21e.xml
1;5578;kyocera__tk-3190.xml
1;5579;kyocera__tk-3160.xml
1;5580;kyocera__tk-3170.xml
1;5586;kyocera__tk-3060.xml
1;5589;kyocera__tk-5280c.xml
1;5590;kyocera__tk-5280m.xml
1;5591;kyocera__tk-5280y.xml
1;5592;kyocera__tk-5280k.xml
1;5594;xerox__006r01701.xml
1;5595;xerox__006r01702.xml
1;5596;xerox__006r01703.xml
1;5597;xerox__006r01704.xml
1;5603;kyocera__tk-1120.xml
1;5604;xerox__106r01531.xml
1;5605;xerox__106r01529.xml
1;5610;kyocera__tk-5220k.xml
1;5611;kyocera__tk-5220c.xml
1;5612;kyocera__tk-5220y.xml
1;5613;kyocera__tk-5220m.xml
1;5614;kyocera__tk-5230k.xml
1;5615;kyocera__tk-5230c.xml
1;5616;kyocera__tk-5230y.xml
1;5617;kyocera__tk-5230m.xml
1;5624;canon__3483b002.xml
1;5625;canon__2785b002.xml
1;5626;canon__2772b003.xml
1;5629;hp__ce340a.xml
1;5630;hp__ce341a.xml
1;5631;hp__ce342a.xml
1;5632;hp__ce343a.xml
1;5633;hp__ce515a.xml
1;5634;hp__ce710-69005.xml
1;5635;hp__ce710-69010.xml
1;5636;hp__t0b26a.xml
1;5637;hp__t0b23a.xml
1;5638;hp__t0b24a.xml
1;5639;hp__t0b25a.xml
1;5640;hp__t0b30a.xml
1;5641;hp__t0b27a.xml
1;5642;hp__t0b28a.xml
1;5643;hp__t0b29a.xml
1;5644;hp__m0j86ae.xml
1;5645;hp__m0j74ae.xml
1;5646;hp__m0j78ae.xml
1;5647;hp__m0j82ae.xml
1;5648;hp__m0k02ae.xml
1;5649;hp__m0j90ae.xml
1;5650;hp__m0j94ae.xml
1;5651;hp__m0j98ae.xml
1;5652;hp__w1b44a.xml
1;5653;hp__j8j96a.xml
1;5664;canon__pf-06.xml
1;5680;canon__c-exv40.xml
1;5681;hp__c1q10a.xml
1;5682;sharp__mx-235gt.xml
1;5683;sharp__ar-205dm.xml
1;5686;sharp__ar-205dv.xml
1;5687;sharp__mx-206gt.xml
1;5689;xerox__106r02773.xml
1;5690;xerox__106r03048.xml
1;5691;hp__f9j81a.xml
1;5692;hp__f9j64a.xml
1;5693;hp__f9j68a.xml
1;5694;hp__f9j61a.xml
1;5695;hp__f9j65a.xml
1;5696;hp__f9k15a.xml
1;5697;hp__f9j63a.xml
1;5698;hp__f9j67a.xml
1;5699;hp__f9k17a.xml
1;5700;hp__f9j62a.xml
1;5701;hp__f9j66a.xml
1;5702;hp__f9k16a.xml
1;5703;hp__f9j99a.xml
1;5704;hp__f9k05a.xml
1;5705;hp__f9j98a.xml
1;5706;hp__f9k04a.xml
1;5707;hp__f9j96a.xml
1;5708;hp__f9k02a.xml
1;5709;hp__f9j95a.xml
1;5710;hp__f9k01a.xml
1;5711;hp__f9j97a.xml
1;5712;hp__f9k03a.xml
1;5713;hp__f9k00a.xml
1;5714;hp__f9k06a.xml
1;5715;hp__f9j87a.xml
1;5716;hp__f9j88a.xml
1;5717;hp__f9j86a.xml
1;5718;hp__p2v65a.xml
1;5719;hp__p2v71a.xml
1;5720;hp__p2v67a.xml
1;5721;hp__p2v73a.xml
1;5722;hp__p2v64a.xml
1;5723;hp__p2v70a.xml
1;5724;hp__p2v62a.xml
1;5725;hp__p2v68a.xml
1;5726;hp__p2v63a.xml
1;5727;hp__p2v69a.xml
1;5728;hp__p2v66a.xml
1;5729;hp__p2v72a.xml
1;5730;hp__p2v27a.xml
1;5733;kyocera__tk-8335c.xml
1;5734;kyocera__tk-8335y.xml
1;5735;kyocera__tk-8335m.xml
1;5739;kyocera__tk-8345k.xml
1;5740;kyocera__tk-8345c.xml
1;5741;kyocera__tk-8345y.xml
1;5742;kyocera__tk-8345m.xml
1;5780;xerox__106r03769.xml
1;5781;xerox__106r03770.xml
1;5782;xerox__106r03771.xml
1;5783;xerox__106r03772.xml
1;5784;xerox__106r03765.xml
1;5785;xerox__106r03766.xml
1;5786;xerox__106r03767.xml
1;5787;xerox__106r03768.xml
1;5788;xerox__113r00782.xml
1;5789;xerox__115r00129.xml
1;5790;oki__44574705.xml
1;5791;oki__44574805.xml
1;5792;oki__44917608.xml
1;5793;samsung__mlt-d101s.xml
1;5794;samsung__mlt-d101x.xml
1;5795;brother__dr-3200.xml
1;5796;hp__cf259a.xml
1;5797;hp__cf259x.xml
1;5798;hp__ch575a.xml
1;5799;hp__cm997a.xml
1;5800;hp__cm991a.xml
1;5801;hp__cm992a.xml
1;5802;hp__cm994a.xml
1;5803;hp__cm993a.xml
1;5804;hp__cm995a.xml
1;5805;hp__cm996a.xml
1;5818;lexmark__51b00a0.xml
2;683;brother__hl-5240.xml
2;684;brother__hl-5250dn.xml
2;685;brother__hl-5270dn.xml
2;842;brother__hl-5340d.xml
2;843;brother__hl-5350dn.xml
2;2033;brother__hl-2240r.xml
2;2034;brother__hl-2240dr.xml
2;2035;brother__hl-2250dnr.xml
2;2036;brother__dcp-7060dr.xml
2;2037;brother__dcp-7065dnr.xml
2;2038;brother__dcp-7070dwr.xml
2;2043;brother__hl-2132r.xml
2;2146;brother__dcp-9020cdw.xml
2;2147;brother__mfc-9330cdw.xml
2;2148;brother__hl-3140cw.xml
2;2149;brother__hl-3170cdw.xml
2;2150;brother__mfc-7860dw.xml
2;2151;brother__dcp-7070dw.xml
2;2152;brother__mfc-7460dn.xml
2;2153;brother__dcp-7055w.xml
2;2154;brother__dcp-7055.xml
2;2155;brother__dcp-7060d.xml
2;2156;brother__dcp-7065dn.xml
2;2157;brother__hl-2130.xml
2;2158;brother__hl-2240.xml
2;2159;brother__hl-2240d.xml
2;2160;brother__hl-2250dn.xml
2;2161;brother__hl-2270dw.xml
2;2162;brother__mfc-7360n.xml
2;2194;brother__hl-l8250cdn.xml
2;2202;brother__mfc-8520dn.xml
2;2203;brother__dcp-8110dn.xml
2;2204;brother__mfc-8950dwt.xml
2;2205;brother__dcp-8250dn.xml
2;2206;brother__mfc-8510dn.xml
2;2207;brother__mfc-8950dw.xml
2;2208;brother__hl-5440d.xml
2;2209;brother__hl-5470dwt.xml
2;2210;brother__hl-6180dwt.xml
2;2211;brother__hl-5470dw.xml
2;2212;brother__hl-5450dnt.xml
2;2213;brother__hl-5450dn.xml
2;2214;brother__hl-6180dw.xml
2;2379;brother__mfc-l6900dw.xml
2;2380;brother__hl-l6400dw.xml
2;2381;brother__hl-l6400dwt.xml
2;2382;brother__hl-l6300dw.xml
2;2383;brother__hl-l6250dw.xml
2;2384;brother__hl-l6250dn.xml
2;2385;brother__hl-l6200dw.xml
2;2386;brother__mfc-l6800dw.xml
2;2388;brother__mfc-l6700dw.xml
2;2389;brother__dcp-l6600dw.xml
2;2390;brother__mfc-l5750dw.xml
2;2391;brother__mfc-l5700dw.xml
2;2392;brother__mfc-l5700dn.xml
2;2393;brother__hl-l5200dw.xml
2;2394;brother__hl-l5100dn.xml
2;2395;brother__hl-l5000d.xml
2;2396;brother__dcp-l5650dn.xml
2;2397;brother__dcp-l5600dn.xml
2;2398;brother__dcp-l5500dn.xml
2;2399;brother__mfc-l9570cdw.xml
2;2400;brother__hl-l9310cdw.xml
2;2401;brother__hl-l8260cdw.xml
2;2402;brother__dcp-l8410cdw.xml
2;2403;brother__mfc-l8690cdw.xml
2;2459;brother__mfc-l9550cdw.xml
2;2460;brother__mfc-l9550cdwt.xml
2;2461;brother__hl-l9200cdwt.xml
2;2610;brother__mfc-9420cn.xml
2;2611;brother__hl-2700cn.xml
2;2643;brother__hl-l5100dnt.xml
2;2644;brother__hl-l5200dwt.xml
2;2645;brother__hl-l6300dwt.xml
2;2646;brother__hl-l6200dwt.xml
2;2647;brother__mfc-l6800dwt.xml
2;2822;brother__mfc-8860dn.xml
2;2823;brother__mfc-8370dn.xml
2;2824;brother__hl-5370dw.xml
2;2825;brother__mfc-8880dn.xml
2;2826;brother__dcp-8070d.xml
2;2827;brother__dcp-8085dn.xml
2;1499;canon__l90.xml
2;2371;canon__mf411dw.xml
2;2482;canon__mf421dw.xml
2;2483;canon__mf426dw.xml
2;2485;canon__mf429x.xml
2;2486;canon__mf212w.xml
2;2487;canon__mf211.xml
2;2488;canon__mf216n.xml
2;2489;canon__mf217w.xml
2;2490;canon__mf226dn.xml
2;2491;canon__mf229dw.xml
2;2492;canon__mf231.xml
2;2493;canon__mf232w.xml
2;2494;canon__mf237w.xml
2;2495;canon__mf244dw.xml
2;2496;canon__mf247dw.xml
2;2497;canon__mf249dw.xml
2;2498;canon__lbp151dw.xml
2;2499;canon__lbp613cdw.xml
2;2500;canon__lbp611cn.xml
2;2581;canon__lbp252dw.xml
2;2582;canon__lbp6670dn.xml
2;2583;canon__lbp6310dn.xml
2;2584;canon__lbp6680x.xml
2;2585;canon__lbp251dw.xml
2;2586;canon__mf416dw.xml
2;2587;canon__mf418x.xml
2;2588;canon__mf419x.xml
2;2657;canon__mf3240.xml
2;2683;canon__lbp6230dw.xml
2;2684;canon__lbp6200d.xml
2;2692;canon__mf525x.xml
2;182;epson__fx-890.xml
2;443;xerox__pe120.xml
2;1509;xerox__c20.xml
2;1641;xerox__6500dn.xml
2;1954;xerox__6510dn.xml
2;1955;xerox__6510dni.xml
2;1969;xerox__7500n.xml
2;1970;xerox__7500dn.xml
2;1971;xerox__7500dt.xml
2;1972;xerox__7500dx.xml
2;1976;xerox__3215ni.xml
2;1977;xerox__3225dni.xml
2;2230;xerox__b7025.xml
2;2232;xerox__b7035.xml
2;2311;xerox__c7025.xml
2;2316;xerox__9201.xml
2;2317;xerox__9202.xml
2;2318;xerox__9203.xml
2;230;samsung__ml-1210.xml
2;430;samsung__ml-2152w.xml
2;449;samsung__ml-2551n.xml
2;595;samsung__ml-2251n.xml
2;596;samsung__ml-2250.xml
2;597;samsung__ml-2252w.xml
2;598;samsung__ml-2550.xml
2;599;samsung__ml-2552w.xml
2;1917;samsung__scx-4728fd.xml
2;1918;samsung__ml-2950nd.xml
2;1919;samsung__ml-2955nd.xml
2;1920;samsung__ml-2955dw.xml
2;1921;samsung__scx-4729fd.xml
2;1922;samsung__scx-4729fw.xml
2;1923;samsung__scx-4727fd.xml
2;1924;samsung__ml-2950ndr.xml
2;2044;samsung__sl-m3870fd.xml
2;2045;samsung__sl-m3870fw.xml
2;2046;samsung__sl-m3820nd.xml
2;2048;samsung__sl-m4020nd.xml
2;2049;samsung__sl-m4070fr.xml
2;2050;samsung__sl-m4072fd.xml
2;2051;samsung__sl-m3370fd.xml
2;2052;samsung__sl-m3320nd.xml
2;2054;samsung__sl-m3820dw.xml
2;2057;samsung__scx-5330n.xml
2;2058;samsung__scx-5530fn.xml
2;2112;samsung__sl-m2620d.xml
2;2119;samsung__sl-c460fw.xml
2;2120;samsung__ml-2855nd.xml
2;2163;samsung__sl-c3060fr.xml
2;2166;samsung__sl-c3010nd.xml
2;2167;samsung__sl-c3060nd.xml
2;2168;samsung__scx-4833fd.xml
2;2169;samsung__scx-4833fr.xml
2;2170;samsung__scx-5637fr.xml
2;2171;samsung__ml-3310d.xml
2;2172;samsung__ml-3310nd.xml
2;2173;samsung__ml-3710d.xml
2;2174;samsung__ml-3710nd.xml
2;2175;samsung__clx-9251na.xml
2;2177;samsung__clx-9201na.xml
2;2178;samsung__clx-9301na.xml
2;2180;samsung__sl-c1860fw.xml
2;2181;samsung__sl-c1810w.xml
2;2182;samsung__clp-415n.xml
2;2183;samsung__clp-415nw.xml
2;2184;samsung__clx-4195fn.xml
2;2185;samsung__clx-4195fw.xml
2;2186;samsung__clx-9250nd.xml
2;2187;samsung__clx-9350nd.xml
2;2188;samsung__clx-9252na.xml
2;2189;samsung__clx-9352na.xml
2;2190;samsung__scx-8128na.xml
2;2191;samsung__scx-8123na.xml
2;2378;samsung__clx-3305.xml
2;2550;samsung__clx-6260fr.xml
2;2551;samsung__clx-6260fd.xml
2;2552;samsung__clx-6260fw.xml
2;2553;samsung__clx-6260nd.xml
2;2554;samsung__clp-680dw.xml
2;2555;samsung__clp-680nd.xml
2;2564;samsung__clx-6220fx.xml
2;2565;samsung__clx-6250fx.xml
2;2566;samsung__clp-620nd.xml
2;2567;samsung__clp-670n.xml
2;2568;samsung__clp-670nd.xml
2;2571;samsung__scx-5835fn.xml
2;2572;samsung__scx-5935fn.xml
2;2573;samsung__scx-5935nx.xml
2;2580;samsung__ml-3750nd.xml
2;2642;samsung__scx-5635fn.xml
2;2809;samsung__scx-3400.xml
2;2810;samsung__scx-3400f.xml
2;2811;samsung__scx-3405.xml
2;2812;samsung__scx-3405f.xml
2;2813;samsung__scx-3405fw.xml
2;2814;samsung__scx-3405w.xml
2;2815;samsung__ml-2160.xml
2;2816;samsung__ml-2165.xml
2;2817;samsung__ml-2165w.xml
2;2818;samsung__ml-2168.xml
2;2819;samsung__ml-2168w.xml
2;1748;lexmark__mx710de.xml
2;1749;lexmark__mx710dhe.xml
2;1754;lexmark__mx810dfe.xml
2;1755;lexmark__mx810dme.xml
2;1762;lexmark__mx810dxfe.xml
2;1763;lexmark__mx810dxme.xml
2;1766;lexmark__mx811dfe.xml
2;1767;lexmark__mx811dme.xml
2;1773;lexmark__mx811dxfe.xml
2;1774;lexmark__mx811dxme.xml
2;1777;lexmark__mx812dfe.xml
2;1785;lexmark__mx812dxfe.xml
2;1791;lexmark__ms810dn.xml
2;1793;lexmark__ms810dtn.xml
2;1796;lexmark__ms811n.xml
2;1798;lexmark__ms812dn.xml
2;270;kyocera__km-1500.xml
2;1620;kyocera__m3560idn.xml
2;1621;kyocera__m3550idn.xml
2;1622;kyocera__fs-4100dn.xml
2;1623;kyocera__fs-4200dn.xml
2;1624;kyocera__fs-4300dn.xml
2;1625;kyocera__m3540idn.xml
2;1626;kyocera__m3040idn.xml
2;1627;kyocera__fs-2100d.xml
2;1628;kyocera__fs-2100dn.xml
2;1659;kyocera__m2035dn.xml
2;1660;kyocera__m2535dn.xml
2;1661;kyocera__fs-1035mfpdp.xml
2;1662;kyocera__fs-1135mfp.xml
2;1663;kyocera__p2135dn.xml
2;1664;kyocera__p2135d.xml
2;1665;kyocera__p2035d.xml
2;1667;kyocera__fs-1120mfp.xml
2;1668;kyocera__fs-1030mfp.xml
2;1669;kyocera__m2030dn.xml
2;1672;kyocera__fs-1320d.xml
2;1674;kyocera__fs-1370dn.xml
2;1675;kyocera__fs-1130mfp.xml
2;1680;kyocera__fs-1300dn.xml
2;1681;kyocera__fs-1100.xml
2;1910;kyocera__m6035cidn.xml
2;1911;kyocera__p6035cdn.xml
2;1912;kyocera__m6535cidn.xml
2;1913;kyocera__p6130cdn.xml
2;1914;kyocera__m6030cdn.xml
2;1915;kyocera__m6530cdn.xml
2;1916;kyocera__p7040cdn.xml
2;2012;kyocera__fs-1118mfp.xml
2;2013;kyocera__fs-1018mfp.xml
2;2014;kyocera__fs-1020d.xml
2;2015;kyocera__fs-1020dn.xml
2;2061;kyocera__m2135dn.xml
2;2062;kyocera__p2235dn.xml
2;2063;kyocera__p2235dw.xml
2;2065;kyocera__m2635dw.xml
2;2215;kyocera__fs-c8525mfp.xml
2;2216;kyocera__fs-c8520mfp.xml
2;2263;kyocera__fs-c8600dn.xml
2;2267;kyocera__p2040dw.xml
2;2268;kyocera__m2040dn.xml
2;2269;kyocera__m2540dw.xml
2;2270;kyocera__m2640idw.xml
2;2277;kyocera__fs-3920dn.xml
2;2278;kyocera__fs-4020dn.xml
2;2372;kyocera__fs-9520dn.xml
2;2373;kyocera__fs-9120dn.xml
2;2374;kyocera__fs-9100dn.xml
2;2449;kyocera__fs-c5250dn.xml
2;2457;kyocera__p6021cdn.xml
2;2625;kyocera__p3055dn.xml
2;2658;kyocera__fs-1025mfp.xml
2;2659;kyocera__fs-1125mfp.xml
2;2660;kyocera__fs-1060dn.xml
2;2665;kyocera__p5021cdn.xml
2;2666;kyocera__p5021cdw.xml
2;2668;kyocera__p5026cdw.xml
2;2669;kyocera__m5521cdn.xml
2;2670;kyocera__m5521cdw.xml
2;2672;kyocera__m5526cdw.xml
2;2729;sharp__mx-m202d.xml
2;2735;sharp__ar-5618n.xml
2;2737;sharp__ar-5620n.xml
2;2740;sharp__ar-5516.xml
2;2744;sharp__ar-5520d.xml
2;2748;sharp__mx-m200d.xml
3;372;samsung__ml-1750.xml
3;373;samsung__ml-1510.xml
3;419;canon__ip5000.xml
3;423;canon__ip1500.xml
3;1830;lexmark__c746dtn.xml
3;365;canon__ir-2200.xml
3;923;canon__mf4660pl.xml
3;925;canon__mf6580pl.xml
3;931;canon__mp620.xml
3;938;canon__mx700.xml
3;947;canon__mf4330d.xml
3;951;canon__mf4380dn.xml
3;1023;xerox__3220.xml
3;1164;lexmark__x658dtme.xml
3;1581;canon__mf5840dn.xml
3;1582;canon__mf5880dn.xml
3;2520;canon__mf734cdw.xml
3;2521;canon__mf735cx.xml
3;2592;lexmark__mx310dn.xml
3;2593;lexmark__mx410de.xml
3;2594;lexmark__mx511de.xml
3;2596;lexmark__mx511dhe.xml
3;2597;lexmark__mx611de.xml
3;2598;lexmark__mx611dhe.xml
